gene,discovery_log2FC,adj_logFC_GSE75010,P,FDR,same_direction
FLNB,0.370392870048758,0.5656608967017167,1.6375117313463244e-14,3.0302784412649144e-12,True
FLT1,1.26042388137686,0.6580020419097344,1.6649881545411617e-14,3.0302784412649144e-12,True
FSTL3,1.51523552446936,1.0903414179797637,3.686211887626178e-14,4.4726037569864295e-12,True
SH3PXD2A,0.397944023077633,0.5311758605346426,1.079472560030427e-12,9.823200296276885e-11,True
NDRG1,0.829842298403678,0.562102168917205,4.098604014340121e-12,2.983783722439608e-10,True
SMARCA1,0.319737877919447,0.35176016141574423,7.320217313120855e-12,4.440931836626652e-10,True
SPAG4,1.06268914935022,0.4414072896298431,9.679174064771028e-12,5.033170513680934e-10,True
SASH1,0.697702500432662,0.7332718244897044,1.1689146580618094e-11,5.318561694181233e-10,True
P4HA1,0.578870325727938,0.5075398435812887,1.4589323217056637e-11,5.900570723342907e-10,True
MYO7B,0.527080736095088,0.26112828117405656,1.9870789886819338e-11,7.232967518802239e-10,True
KRT19,0.518077914271757,0.3684046717443859,3.253324422693745e-11,1.07655462714593e-09,True
PPP1R1C,1.17283282926145,0.42084464377408576,5.3196863285321625e-11,1.6136381863214228e-09,True
SH3BP5,0.700354615541465,0.6618094364155102,6.683770817933787e-11,1.8057407101203009e-09,True
EFNB1,0.355039995298052,0.2546566562426878,7.08362675615795e-11,1.8057407101203009e-09,True
MICAL3,0.334291193014693,0.4454895126980373,7.714865530451678e-11,1.8057407101203009e-09,True
MME,0.365187061095169,0.3994820208210868,7.937321802726597e-11,1.8057407101203009e-09,True
TPBG,0.650955224174124,0.3874087570628463,1.0378281919785451e-10,2.222173305177591e-09,True
HTRA4,1.25792846867527,0.8089341371931897,1.1176450881750026e-10,2.260126733865005e-09,True
C12orf75,0.645565638896608,0.553634713532328,2.42909778799176e-10,4.6536399727842136e-09,True
ARL4C,-0.384878112527624,-0.4003531053941769,2.772062938178164e-10,4.755633210614138e-09,True
LEP,1.34803062489279,1.4994050508277206,2.811369313938947e-10,4.755633210614138e-09,True
OCRL,0.320961493096478,0.3393536144719221,2.8742838086129404e-10,4.755633210614138e-09,True
EPHB6,-0.431310841636649,-0.28905513767678737,3.6454509855411087e-10,5.769322429291146e-09,True
SIGLEC6,0.714054246681314,0.6125170041649676,3.972764077885983e-10,6.0253588514604085e-09,True
BHLHE40,1.05297729644099,0.7108846396487559,4.352442164144358e-10,6.337155790994185e-09,True
PROCR,0.536252159010355,0.4101416264560172,6.184223246084295e-10,8.657912544518013e-09,True
LDHA,0.434546796344127,0.36389256521843527,6.792363604037526e-10,9.157112414332072e-09,True
HEXB,0.322542356660964,0.20539963089281724,7.06999028291088e-10,9.190987367784144e-09,True
SFXN3,0.566730783137424,0.4391724727779638,1.0919711845714476e-09,1.3706121075310582e-08,True
LIMD1,0.34492541717065,0.5186572501937158,1.3672654231916365e-09,1.652505313257725e-08,True
IPMK,0.369227772040495,0.3763266381519892,1.4073534261260846e-09,1.652505313257725e-08,True
PRKD3,0.462799087327264,0.3956167555661295,1.6352344846099734e-09,1.8600792262438447e-08,True
BACH1,0.33242927962131,0.26864525828190733,1.842560395432554e-09,2.0323999513256048e-08,True
TMEM45A,1.23547109791527,0.8221211616023802,2.341453756791956e-09,2.5067328455066824e-08,True
CORO2A,0.772887691018915,0.5382774230820543,3.109229191735189e-09,3.233598359404597e-08,True
TRIM14,0.578442468665045,0.32976315180030163,3.3608573085584224e-09,3.398200167542405e-08,True
TET3,0.555762639266346,0.4381957059235673,3.7779293352401785e-09,3.695741427317213e-08,True
SLC6A8,0.611458203394008,0.25053839754804186,3.858191599946541e-09,3.695741427317213e-08,True
RASEF,0.66332490346396,0.5611539600968211,9.69360846929892e-09,9.047367904678992e-08,True
INHBA,0.770644091196436,0.47610910106405435,1.0186005708310847e-08,9.269265194562871e-08,True
CALM1,0.459018655548782,0.25601957810947246,1.18636779772542e-08,1.0532631179806169e-07,True
ERGIC1,0.330499934054931,0.2799049670752264,1.7320682206613095e-08,1.4814419799259914e-07,True
PRSS22,0.612681051455838,0.20477335218307804,1.7500550861763086e-08,1.4814419799259914e-07,True
ADAM2,1.38951730155977,0.35944502818913565,1.867976706420416e-08,1.545326184402344e-07,True
LIMCH1,0.355040159165853,0.3437809360475593,1.9272367310088277e-08,1.558920377971585e-07,True
NRIP1,0.640689720817305,0.5512946681412046,2.3347757004656355e-08,1.8475181629771552e-07,True
RDH13,0.463072706719416,0.3817870298901933,3.383898812423717e-08,2.6207216334515595e-07,True
PHYHIP,0.853850004600149,0.28182508100522086,3.5448285203390295e-08,2.688161627923764e-07,True
GPR146,0.485033681680064,0.47197535851685524,3.667672602415498e-08,2.7245567903657985e-07,True
KMT2E,0.254990829260732,0.24304777128945546,4.123513725323001e-08,3.0019179920351444e-07,True
C8orf58,0.387117143423482,0.1677564532951299,4.243214198990393e-08,3.028490134181378e-07,True
TBC1D22A,0.151798805332511,0.18553762431303863,4.348896774078058e-08,3.044227741854641e-07,True
HK2,0.958393098119804,0.8358171082818554,5.166696874344155e-08,3.5484484193608915e-07,True
S100A6,0.311390579235537,0.1800105643868226,5.604387425911331e-08,3.7777722648735643e-07,True
DUSP1,0.483345296021418,0.32338412389907156,6.13442861277856e-08,4.0598763910025377e-07,True
BCL6,0.453764470925261,0.4895386068225447,6.290175498159375e-08,4.0886140738035934e-07,True
HILPDA,0.965502297489738,0.5715902182495445,6.785291537592536e-08,4.3330633678661107e-07,True
ENG,0.76547368164247,0.3847699630964106,7.139927453239122e-08,4.4139499112187535e-07,True
UBE2Q2,0.30305630557857,0.2591937690242433,7.154479251700727e-08,4.4139499112187535e-07,True
ABCD3,-0.222335080985273,-0.2586068244511451,7.618421184014304e-08,4.6218421849686775e-07,True
PKM,0.294126873611451,0.22338909463824505,1.0168190756418043e-07,6.02873149986638e-07,True
INHA,0.798435938903829,0.5417363482702471,1.0353766032244941e-07,6.02873149986638e-07,True
MID1,0.581022685741207,0.4330775109571852,1.0434342980537966e-07,6.02873149986638e-07,True
STON2,-0.356750869342559,-0.35366906733157527,1.1363427896355485e-07,6.45587935992944e-07,True
ZC2HC1A,-0.572002027362296,-0.4161675067851833,1.1528355999873999e-07,6.45587935992944e-07,True
PKD2,-0.173519453014525,-0.18221929571458556,1.2452465048880486e-07,6.86772314817045e-07,True
QPCT,1.22248428898689,0.5431809730474977,1.3781449692487257e-07,7.487235355321435e-07,True
SCARB1,0.443946567378449,0.25589625776238406,1.5424899840337584e-07,8.256858149827766e-07,True
PLIN2,0.829086019949419,0.35665660854806636,1.5802328431106685e-07,8.336300795540338e-07,True
SLCO2A1,0.549994250920968,0.46015136421645153,2.02266666744046e-07,1.0517866670690392e-06,True
PAPPA2,0.620957276351081,0.3538214056243053,2.0833909165503724e-07,1.0681046389075148e-06,True
MGAT3,0.544681136953832,0.27010183754637673,2.2462923636025108e-07,1.1356255838212695e-06,True
PIK3R1,0.235624088014541,0.21278107958293568,2.384798131959789e-07,1.1891322192237853e-06,True
CYP2J2,0.404191356990005,0.33401521762610537,2.63523598712426e-07,1.2962512152881495e-06,True
DNM2,0.236418349759311,0.1766286726866891,2.9115101852266485e-07,1.41305294323e-06,True
PIK3AP1,0.412278359552692,0.29134642347879486,3.593687868894233e-07,1.721187347733554e-06,True
CATSPERB,-0.502643764654831,-0.4320016467427239,4.498067663828147e-07,2.126359259264215e-06,True
SYDE1,0.588812375124082,0.3409354803188556,4.7356267976790307e-07,2.209959172250214e-06,True
ZCCHC2,0.298758621398342,0.13737142375463146,4.845526786425298e-07,2.231635200833729e-06,True
GAPDH,0.588028668372988,0.19591453537316472,4.91320662720717e-07,2.231635200833729e-06,True
LRIG3,-0.358777226097013,-0.3334577916166147,4.966001408448683e-07,2.231635200833729e-06,True
CRH,1.00026971161754,0.6364379857516447,5.24293613357406e-07,2.3273521373426315e-06,True
JPH2,0.803177667709667,0.2049461547346759,6.176925973990584e-07,2.708916933171774e-06,True
USP18,0.557165124981167,0.32132092828265535,6.945431509652729e-07,3.0096869875161824e-06,True
MOB3C,-0.182411958889714,-0.13000873941740473,7.287644412885465e-07,3.1208265485768345e-06,True
ERRFI1,0.63990703606373,0.29586427484982125,8.926901934901219e-07,3.7783631445395856e-06,True
ARRDC3,0.529646021419694,0.24541922094499136,9.151265614962435e-07,3.82880538373141e-06,True
SLC16A3,0.481488101039394,0.1820072723293177,9.745562636177505e-07,4.031119090418877e-06,True
GPT2,0.420151324365839,0.28807821347852747,1.127926762492083e-06,4.613093725248519e-06,True
ARNT2,0.675244669678935,0.18350855367323304,1.2902497773419777e-06,5.218343543916443e-06,True
PDE5A,-0.250214483402885,-0.28354739997383116,1.3432021505933621e-06,5.3728086023734485e-06,True
NTRK2,1.1691245482803,0.38008433082484405,1.3870016902037375e-06,5.4877023395017435e-06,True
ANKRD37,0.823133934765021,0.42629063641954196,1.5282487431804554e-06,5.981532715243933e-06,True
HSD17B1P1,-0.571902972993896,-0.3483899448460201,1.7843615395177933e-06,6.909655323239114e-06,True
RAPH1,-0.170536602055851,-0.20891398109571402,1.9107576934599365e-06,7.321218951783336e-06,True
FUT11,0.198658583427273,0.1847626410388528,2.0125195703444864e-06,7.630803370889512e-06,True
RAB8B,0.232022942236876,0.2445338107210822,2.0931857863402146e-06,7.854841507503485e-06,True
GALNT2,0.255635222337003,0.22442634803899372,2.136442196629267e-06,7.935356730337277e-06,True
ALDOA,0.310089430107488,0.13508359683569976,2.1916103949142977e-06,8.058042260088934e-06,True
AP2A2,-0.152998515224097,-0.11304458737804193,2.2406923167726106e-06,8.102763411846711e-06,True
FAM120A,0.154063167954791,0.1335914390761615,2.2482942433970273e-06,8.102763411846711e-06,True
PRRG1,0.244887284138104,0.24037511797667205,2.2962069987946002e-06,8.19430732903171e-06,True
SLC38A3,0.5765853134766,0.19588327229500804,2.6992065260020165e-06,9.538943451113922e-06,True
PNCK,0.838695965025023,0.12515149709253484,2.8801352614330148e-06,1.0080473415015552e-05,True
LSS,-0.436731540245736,-0.35892412893625036,2.9437947617771994e-06,1.0201277795362002e-05,True
PPP1R12C,0.227429401756861,0.14610151369066157,2.970701775572451e-06,1.0201277795362002e-05,True
UGP2,0.256622919235764,0.20909118840251367,3.1323870111854065e-06,1.0655970767023252e-05,True
HCAR2,0.569687770917925,0.4391492570052976,3.205591973008145e-06,1.0804032205323747e-05,True
SLC28A1,0.580479845215282,0.1264902774212924,3.3259135849474973e-06,1.1106720595604488e-05,True
KDM3A,0.203073727532597,0.2868485269762192,3.5501981739823862e-06,1.174792850299626e-05,True
GUCA2A,0.657051848808467,0.39801580384865715,3.626791020840726e-06,1.1893260644919138e-05,True
GCLM,-0.260260714774454,-0.2906583916526404,4.2168487062036465e-06,1.370475829516185e-05,True
HTRA1,0.66745656294368,0.32370387637175757,4.836238702805145e-06,1.5578680423195335e-05,True
PPL,0.480334600986163,0.26691385012019964,4.943678041447417e-06,1.5785077255147892e-05,True
MXI1,0.541835675120667,0.25467529559300245,5.289456241627924e-06,1.6742278886544036e-05,True
HPS3,0.231498405855442,0.18160283212315687,6.0973719243581e-06,1.913313259022714e-05,True
SLC2A1,0.348151762254609,0.12329011986253346,6.332332720564649e-06,1.9700590686201128e-05,True
FAM120AOS,0.315259933244364,0.12926025687190326,6.656450120816108e-06,2.0533456304890365e-05,True
KCTD3,-0.158929168405329,-0.17705109574182265,6.761503477460708e-06,2.068224593105628e-05,True
RAP1GAP2,-0.229603226255984,-0.18280844790805897,7.335317564672793e-06,2.225046327950747e-05,True
CCSAP,0.455237605184219,0.2422109941948424,8.236019028293744e-06,2.467865994372914e-05,True
ZNF554,-0.511078575890933,-0.30357169905059,8.271418992128998e-06,2.467865994372914e-05,True
NCEH1,-0.338584322837089,-0.25093420756427937,1.1085053159185793e-05,3.2804547560517306e-05,True
MAPK8,-0.208901756378174,-0.22282092943658777,1.132472606378797e-05,3.324355070337759e-05,True
GSTA3,-0.343882366201762,-0.3866138998703836,1.253611515934647e-05,3.650516734401692e-05,True
EPS8L1,0.303400617752832,0.21833078303335493,1.383879624593516e-05,3.9978744710479355e-05,True
RASSF7,0.346441226275933,0.12253693514190592,1.4328770861502774e-05,4.104111811711427e-05,True
ANKRD13B,-0.330871081963381,0.08956832214326127,1.4432041535688534e-05,4.104111811711427e-05,False
SYNPO2L,-0.818966071112275,-0.15406466970509908,1.6462908925387676e-05,4.6453479448380734e-05,True
HSD3B2,-0.592866238992288,-0.2833489457783312,1.6901464358694545e-05,4.7199835254607856e-05,True
FXYD3,-0.371348958482656,-0.2406529339178602,1.6986753896575904e-05,4.7199835254607856e-05,True
LYN,0.393889788134921,0.3115162863821228,1.9074985886565423e-05,5.260071865689253e-05,True
ISG15,0.448417586539139,0.11331021694210854,2.1991278675223305e-05,6.018665742692695e-05,True
SPON1,-0.355170194416489,-0.3764199124184415,2.21853914056768e-05,6.0264794564674294e-05,True
GPX3,0.473968917020734,0.2167435683028632,2.4851267862548077e-05,6.700638149605555e-05,True
MFAP5,0.34114345907761,0.12499814320560047,2.602285892440403e-05,6.964941653296373e-05,True
MOB3A,0.282029529244224,0.15949930805339646,2.8507125749043692e-05,7.574156038432047e-05,True
EAF1,0.282221538866806,0.1828062266082045,2.92827466867719e-05,7.723854923177517e-05,True
CLDN16,-0.839385717559227,-0.4485208328220155,3.114154879091279e-05,8.155053064670688e-05,True
C4orf3,0.32877794442313,0.14214836826297178,3.390874250219974e-05,8.755479881910603e-05,True
DDR1,0.240887334185208,0.15816504641363166,3.4049634104990343e-05,8.755479881910603e-05,True
IER5L,0.293187603089477,0.09684576404219596,3.415599294591499e-05,8.755479881910603e-05,True
ZMYND8,0.185349803253429,0.14740870133611592,3.864714646135517e-05,9.837455462890406e-05,True
FCRLB,0.567008768331811,0.10460825624986388,4.406468816565237e-05,0.00011138573952984348,True
CSNK1E,0.370217474112412,0.1660596272994527,4.561330638199512e-05,0.00011450512774514636,True
JPH1,0.581647094282262,0.14836391638447494,4.697611460351212e-05,0.0001171185322991672,True
CDO1,0.390332772675832,0.1964549209849558,4.8171623893621664e-05,0.00011928211630801555,True
MYO1A,-1.2035249722201,-0.17940485714835877,5.114750056180138e-05,0.00012579520408443042,True
KLF3,0.228237153778693,0.17163280221552463,5.652948167287526e-05,0.00013809886797937313,True
ASTE1,0.283064893927905,0.2846226168407204,6.0308552818894746e-05,0.00014634875484051792,True
MRPS30,-0.164866622033464,-0.1330472257416069,6.1852401614598e-05,0.0001491011535610177,True
AK4,0.501960828668631,0.12315366711518173,6.348863759412263e-05,0.00015203857950171472,True
CD82,0.363996908890633,0.18456585446814883,6.571152907750968e-05,0.00015633331100793152,True
TMPRSS11F,-0.60882139635541,-0.3104964968149421,6.645805033147684e-05,0.00015708266441985435,True
EFHD1,0.304055914223183,0.14334169349482428,6.719773533515441e-05,0.0001578062945935239,True
MMP14,0.221075092487948,0.15738499599146696,7.11369518968097e-05,0.00016598622109255596,True
FPGS,0.236366600364543,0.08442018845567757,7.483731343005951e-05,0.00017350816616905517,True
SLAMF1,-0.674569903731346,-0.2262893866683311,7.611872585654505e-05,0.0001753621279226734,True
IFI44L,0.468072071343816,0.3203004809054562,0.00010185023795983614,0.00023316658249924752,True
HEY1,0.320604407785496,0.18844285618170248,0.00010643110183423256,0.00024213075667287907,True
IGSF8,0.692345843864189,0.24176737917348048,0.00013938537756724904,0.0003151321579781283,True
OBSCN,0.534890934249147,0.08637522301530758,0.0001497070691724744,0.0003363788467825968,True
TNR,0.51246445742949,0.11929272852438311,0.00015457540824186471,0.00034518680122723163,True
AQP1,0.72573749552257,0.2827675694710454,0.00015984263394024694,0.000354772675330792,True
DYRK2,-0.227102585154473,-0.11471332728596303,0.000164506108718887,0.0003629104459010598,True
STK24,0.216485719177557,0.14156936358531366,0.00018566914984127148,0.00040712994302543866,True
ZNF761,0.25447415670408,0.1735837452735691,0.00018851080614808773,0.0004108858289694847,True
SCD,0.407483292686779,0.30038338780782614,0.00019540658215337652,0.00042338092799898246,True
PIKFYVE,-0.143729832132308,-0.10512710887647392,0.00019768065015043524,0.000425773708016322,True
ZNF555,-0.297173078123386,-0.16748349440651844,0.00021977285273999949,0.00047057246116094005,True
MIIP,0.238557702989076,0.08652085482868323,0.00022979700092795884,0.00048804946506946124,True
SLCO4A1,0.947296302238509,0.4885201323547706,0.0002306167801976575,0.00048804946506946124,True
CA4,0.722675256597444,0.10627519062088175,0.000237167082122868,0.0004990105080504275,True
GPER1,0.846082721988119,0.2101386759133498,0.0002469959588123828,0.0005167041896994675,True
TENM4,0.646908674010046,0.0891885541636738,0.0002628784437438509,0.0005467871629872099,True
FOXJ2,0.164349831050773,0.14305337902323575,0.00027648285087839204,0.0005718168052257654,True
IFIT1,0.486217171665187,0.2733572097198959,0.0002812388311741983,0.0005783668618497637,True
FKBP8,0.266247300914285,0.10979658618134566,0.00034896370851283053,0.0007136111792060129,True
MTA1,-0.108884204337921,-0.11596147842188008,0.0003690932864989532,0.0007505584150034579,True
GRHL3,0.468728055115026,0.14637024756420103,0.0003728540216516187,0.0007539936882288289,True
TCHHL1,-0.442973311683928,-0.1232116381246808,0.00037526853251399015,0.0007546836786469194,True
HPCAL1,0.392627113845852,0.254332378723647,0.00039698459198226016,0.00078984730254987,True
EDEM2,0.235785574503947,0.14045007745942792,0.0003970935614467753,0.00078984730254987,True
CCDC127,0.167429998147915,0.12683696382675172,0.00042356968753926396,0.0008379313383928917,True
MIR365A,0.472122685754347,0.20613117401228648,0.00045143753385433775,0.0008882338503944808,True
BASP1,0.464016312573733,0.139795707675718,0.0004730190874643735,0.000925693267941032,True
LTF,1.61582708956345,0.4414118667942429,0.00048200641606235736,0.0009382370879502571,True
DNAJC1,0.171182353431389,0.10138875456301079,0.0004920711295324556,0.0009527334635628395,True
ZNF175,0.343813765464726,0.2969989127436446,0.0005123864731744871,0.0009868183927804937,True
CHKA,-0.203411734726144,-0.14411823404388993,0.0005263122742056516,0.001008303514793985,True
DEGS1,0.22158846815318,0.11815951741362637,0.0005399734407543909,0.0010290593321183156,True
TREM1,0.902123723028386,0.5264019326151803,0.0005461405057898924,0.0010353913755600044,True
AMOTL2,0.237611802798852,0.14913512937602044,0.000550035231149431,0.0010373721457947818,True
WDR86,0.453099168334509,0.10442286438796283,0.0005677919494156444,0.0010653415958107968,True
FAM43A,0.271746933289923,0.19650296539675957,0.0005860289642877332,0.001093920733337102,True
ZBTB4,0.163888321886741,0.11828557152007478,0.0007277475344803235,0.0013515311354634582,True
OR51B5,-0.873492083559662,-0.2825267970394515,0.0007449416859048731,0.0013764404754790548,True
AGPAT5,-0.696087690847468,-0.3340653317202689,0.000784029974276749,0.001441348033518872,True
KLHL42,-0.163829244505916,-0.10042451685729291,0.0008111753421177844,0.001483757912215445,True
MX2,0.512584176603188,0.22607192992164837,0.0008232330529773378,0.0014982841564187548,True
RPS27L,0.215489255154936,0.129606013551875,0.0009008173914607313,0.001631330997471175,True
KCTD7,-0.186981993353788,-0.10932384215281872,0.0009123522418369422,0.0016440406734091434,True
NANS,0.228756628756517,0.15322070176097188,0.0009631679080394836,0.0017225623944196443,True
GREM2,0.59569144648181,0.27828797401860417,0.0009653921111582621,0.0017225623944196443,True
DSCR4,0.41761999252386,0.18996582833434336,0.0009741030814963374,0.0017296269349495943,True
B4GALNT2,1.11403176632899,0.10147365512154471,0.0010234954476888495,0.0018085065192171902,True
MAP3K8,0.310859158381769,0.12189841830882955,0.001053563829150454,0.0018445577264373065,True
ERP44,0.258313569977253,0.14047172569493166,0.0010540329865356037,0.0018445577264373065,True
CHI3L2,0.542283302453107,0.30266476787937796,0.0010631684435034967,0.0018516426480156595,True
OASL,0.755298116816694,0.10511721501190842,0.001084561749264525,0.0018799070320585098,True
RIOK1,0.250535906588238,0.14084642759588326,0.0011400597744039447,0.001966738189019127,True
HPGD,0.394877794250926,0.18866794927862257,0.0011773405198395848,0.0020214714585924947,True
BCAT2,0.273988722471564,0.1841668131631694,0.0013578675726380928,0.0023204873072312946,True
LIMS1,0.286314034346543,0.10292942725334547,0.0014084813797909236,0.0023957346833826925,True
NSMAF,-0.126512893754027,-0.10730435299551436,0.0014706559320572757,0.0024898546942737133,True
PPP1R14B,0.272374420385026,0.09227352120182811,0.0015439185927502413,0.002601788739634666,True
PACS1,-0.113818220211215,-0.10424235103365179,0.0015638330669404895,0.002623203854222757,True
PGK1,0.194344655291181,0.08733478580964209,0.001658333244655807,0.002768960096581256,True
PREP,0.338441511443811,0.13836189537245588,0.0018294932636982921,0.0030408015889779837,True
HERPUD1,0.280353275017357,0.12678583995135648,0.001872797390718584,0.003098628410098021,True
CXCL8,0.828606986038272,0.43450664356545476,0.0020440601036359894,0.0033666872295181004,True
ATP6V0E1,0.2258297882918,0.06430806377580728,0.0021896746293560863,0.0035902773202054748,True
COL21A1,-0.334953318788145,-0.14345134147527844,0.002306438981873305,0.003764770356062256,True
ZNF331,0.320654075881433,0.15798577703337024,0.0023762368784017718,0.003861384927402879,True
METTL6,0.234957342797065,0.1400199768314356,0.002399507586112869,0.0038818700504225975,True
IGFBP4,0.381908790244599,0.1466383034087619,0.0028039090174686488,0.004516030452914106,True
LURAP1,-0.440501100559946,-0.09698161760102357,0.0028377344338537786,0.004550375920364649,True
BNIP3L,0.2972412344031,0.07877166395705444,0.002940292193405722,0.004694150694735451,True
UBR1,0.176797558850186,0.11175984059647723,0.0030197052869287704,0.004799880892760141,True
REEP4,0.346422105629388,0.1279870712968077,0.003041293020823153,0.00481317678078099,True
CRYGN,0.729630118805273,0.08477125909677426,0.0036163020176396506,0.0056984153005230865,True
PER3,-0.285297509238866,-0.09650677585864705,0.0037643756706330473,0.005906175621165643,True
FBLIM1,0.350139932957703,0.11808052934280175,0.003792815845330958,0.005925257372105016,True
DOCK1,-0.174152815111621,-0.09413188124593448,0.003845415879172016,0.00598175803426758,True
CEBPD,0.251065255482292,0.12017175872726413,0.0038895743044731717,0.006024702326928658,True
ZFP62,0.189332947372491,0.15963199882382756,0.003957102604057397,0.00610332774524107,True
RARRES1,0.438416186522895,0.28352079803017405,0.005034088924980142,0.007731680880560218,True
CEBPA,0.420496905609049,0.12601577941847492,0.005226015044114614,0.007992728890998823,True
PC,-0.243833820115236,-0.06341321670243155,0.005424309706762982,0.008261291770969561,True
SULF2,0.384282744137168,0.1322814354353097,0.005992407936579759,0.009078751342821467,True
ANG,0.336577778048615,0.15061297962287443,0.006010931520933994,0.009078751342821467,True
VDR,0.296703725511521,0.1518199968786702,0.006090891154625819,0.009141455908844486,True
GNPTG,0.171247419126959,0.07942822652072165,0.006102675235849478,0.009141455908844486,True
SSR1,0.176651931356518,0.08260064988848619,0.006157880559613342,0.00918634640860351,True
FAM222A,0.423227158473694,0.07040513105915369,0.006267680822786402,0.009311982936711226,True
KCNJ6,0.5946778396138,0.10329269235299063,0.006508532503419326,0.009630511509124532,True
PTPN12,0.238708341194504,0.10529717063190194,0.006837421231416771,0.010076199709456293,True
TMEM141,0.252257716159479,0.09255945338014596,0.006888632700287335,0.010110735092357217,True
LY6E,0.311442177880841,0.12613405505596864,0.007163804143626268,0.010472388386666512,True
PDZD7,0.825975732063904,0.08260985432004633,0.0074710903131270665,0.01087790749591301,True
PPIP5K2,-0.157765224136241,-0.12050014911093801,0.007745401212370753,0.011232374666545634,True
KCTD4,-0.49061504064516,-0.2087659740340479,0.008485151559679303,0.012226960752292607,True
MUC1,1.01876208553799,0.40580740997012354,0.008498409533873708,0.012226960752292607,True
CP,1.57079751424013,0.4744129832712653,0.009366020657788528,0.013422171336358361,True
ZNF703,0.354734315441395,0.12316025228715417,0.009500869615515576,0.0135596711410337,True
MORC3,0.19745515926593,0.12838700779442946,0.009536472011276447,0.0135596711410337,True
MCF2L,0.496843960466733,0.06509703800798586,0.009656843648705709,0.013677397230073454,True
ZNF614,0.388706903196811,0.1705238485501947,0.010487122100023952,0.014795784668250846,True
TMEM179B,0.298566661077769,0.09279553514700552,0.01281011048346411,0.01800339851730091,True
WNT9B,0.490560643319643,0.0675957100231614,0.013215988354641887,0.01850238369649864,True
CNTN6,-1.02239405088558,-0.16545654963104828,0.013519224974159577,0.018854398048253205,True
LONRF2,-0.49887651995989,-0.07213202289415258,0.013684081393267912,0.019011471859349312,True
LONRF1,0.165977544552682,0.08602886320503103,0.015019533324921225,0.020787490989624815,True
C11orf96,0.523345098951726,0.05623767991480873,0.016000035412022124,0.02206065488627293,True
SIPA1L1,0.224702265431537,0.10920150912151826,0.016734868556588636,0.02298676284754062,True
TMEM38B,0.280825162922709,0.1580447250214953,0.017068226618702016,0.02335652063611855,True
SYNGR1,0.292673176091726,0.08571871217628477,0.01723244724756103,0.023492924337498933,True
DPP7,0.460229382601542,0.089012960681824,0.01751330457489936,0.02378672710919167,True
TNFRSF10B,0.261731944078456,0.08464930320240434,0.01793624010224813,0.024270599989659178,True
SLC44A3,0.717242295291478,0.10133176418428692,0.018698387499206336,0.025208196480411508,True
THEM6,0.250552129914548,0.05196775505751501,0.019561990649550852,0.026275146112311843,True
C20orf144,-0.320095530057122,0.06076206955278968,0.01992348369932006,0.026662309068207726,False
ZNF658,-0.241092841485055,-0.06500267533660889,0.02206691385045483,0.02942255180060644,True
SEMA4B,0.291190824054442,0.07491407331949886,0.022302107922913334,0.029627617824600196,True
GREB1,0.0138905708754782,0.11387231259553622,0.025083730942133384,0.03320173841067837,True
CD63,0.257801588215816,0.05650205124479831,0.0252721102318809,0.03332988450871249,True
UPK2,1.07091396003795,0.08496885650486999,0.027022223566244976,0.03550934793542661,True
GBE1,0.223043495170286,0.08683650045859202,0.027282700640269646,0.03572267278078471,True
ST8SIA4,0.271505582657142,0.11260256328637527,0.028120000146164902,0.03668702528030116,True
NFIL3,0.313630727146115,0.10029128628932724,0.028699790787225527,0.03730972802339319,True
TCN2,0.506078718229222,0.11104490832877086,0.030525215916924416,0.039541560831887854,True
PEBP1,0.207850236065484,0.05310645242660417,0.03133757709283683,0.040449922204938316,True
XAGE3,0.214675002374325,0.0569257892891095,0.03536942428845448,0.045492828413418486,True
CHMP4B,0.155022410611275,0.032373742406626174,0.036486684903888116,0.04676462431343406,True
BRAF,0.229388634911463,0.07498838842050957,0.03797435121567789,0.0485005748859886,True
PRKCH,0.108443737839386,0.059819458496749765,0.03855509068416253,0.04907011541620686,True
MTX1,0.222952872924759,0.0500477151833678,0.039893681478219256,0.05059686431383906,True
PRDX6,0.354843376800059,0.07803532370182284,0.042138088706758066,0.05325786211548589,True
GPR155,-0.288880891572032,-0.12503467558531542,0.051543907368613834,0.06492035391756205,True
RBP4,1.98044897496248,0.3123165948576081,0.05249650323716633,0.06589216268389153,True
ZNF214,-0.506199423044533,-0.06157980342579559,0.053363801797780136,0.06675059743777309,True
ZNF462,-0.246082243424597,-0.08435522488464488,0.05529254789902816,0.06892632683303511,True
TECR,0.353106208056439,0.0627697490640429,0.05591760686375486,0.06946760716179784,True
DDA1,0.189461024260954,0.04103534654158714,0.05833690197982589,0.0722266405464511,True
SCARA5,0.91305568750464,0.09241849658884026,0.06398753401711355,0.07895410977026891,True
RALGPS1,-0.175929132348049,-0.050690601451530995,0.06679509622668843,0.08213991563011684,True
KCNC4,-0.366635904536932,-0.054795837949816684,0.06766978104208929,0.08293535454316668,True
IL7,-0.686440300128899,-0.05153694936181034,0.06956040612679824,0.08496640211461262,True
VEGFB,0.174715221669856,0.04520989210689211,0.06981517243035991,0.08499238382826424,True
GNLY,1.51359083264523,0.09514795188739583,0.07017646500664881,0.08514744420806722,True
MIR31HG,1.10909858069583,0.06257680499442042,0.0704732657117389,0.08522348411652145,True
CARNS1,-0.330923384987005,0.04359602433720335,0.07533437343988138,0.09080037063614842,False
SYT17,-0.258256719942458,-0.045414790830571816,0.0806091283795851,0.09683736874643227,True
RHBDD2,0.345759627566933,0.08500792482379342,0.09504066731312294,0.11379869375650246,True
MMP19,0.470045437668027,0.08321127288717886,0.09730359211783955,0.11612625419965114,True
GPX4,0.209433423597756,0.05144265459798152,0.10111376146643367,0.12027911494699953,True
TMEM107,0.262866367452286,0.04267382696727705,0.101548794380932,0.12040313079693568,True
TBC1D26,0.727197915857499,0.054695109473587265,0.10523260162158178,0.12414037722225506,True
RRS1,0.163252443913781,0.07038158696538185,0.10538290264196926,0.12414037722225506,True
FBXW7,0.134603737812278,0.0572780802253243,0.11037904264813765,0.12960635975458742,True
YOD1,0.19431603324256,0.05457811243562607,0.11737546850133378,0.13737836184722024,True
EFHD2,0.233214617326241,0.043204162649474916,0.1231227902753309,0.14364325532121938,True
ERLIN1,0.188727016036808,0.040418248886006355,0.1296019743923279,0.1507192290057743,True
PAEP,2.65815199685682,0.20105216869619724,0.13574281738219726,0.15735791569146435,True
GSAP,0.452128098041026,0.11100765472024496,0.1504404741423183,0.17384232567556782,True
MAPKBP1,-0.204567928883319,-0.03498185842687135,0.16752022078842524,0.19296633027527463,True
M6PR,0.164073411735043,0.045617187368817945,0.17363206452140142,0.1993756198289909,True
DKK1,1.21649420918916,0.215827134982749,0.1796634285134536,0.20565247792106006,True
TRPC4,0.812144534503398,0.07849087551770122,0.19019500941356624,0.21702502641547994,True
TANK,0.178868072339384,0.04021252243994979,0.19235142182571768,0.21879974232675387,True
MLX,0.237158229256476,0.04176706443435864,0.20356794605138426,0.23083717246948246,True
MSRB1,0.352446330069949,0.05085372450871418,0.2077351384623682,0.2348310260878945,True
P2RY14,0.311108765003491,0.08832923654598457,0.21526102831323,0.2425851836099558,True
TFAP2B,-0.372521167726668,-0.03638149770441548,0.21718768256344556,0.24400097670708082,True
KXD1,0.135803194482255,0.025204323534437058,0.22084751362585053,0.24734921526095258,True
TRIM22,0.237609310521166,0.06325040502726227,0.2269921894831258,0.25345140175416503,True
ZNF649,0.190752853445913,0.045714850442706456,0.2371790053812848,0.2640157735742742,True
CTSB,0.216387379352361,0.032426486585853447,0.23804626764123651,0.2641732970164942,True
PROX1,0.36178899674697,0.03383964352814991,0.24854914119595226,0.27487637670724774,True
WDR49,0.400858290235153,0.037191496083593005,0.24920111075107623,0.27487637670724774,True
CDKN2B,-0.267629168080558,0.027287786006903087,0.2513573308245019,0.2764171251363102,False
ZNF114,0.566929093601583,0.11244656294403024,0.25417731539608507,0.27867633374751494,True
EHF,0.538694451568091,0.04721342453527946,0.29382173431758024,0.3211745083831808,True
HIF1A,0.131565055611493,-0.031069487460254622,0.30305669919627565,0.330231189589205,False
SGPP2,0.532545794998767,0.05112520756446436,0.3039215618472079,0.330231189589205,True
DSCR8,0.335900830499114,0.0453537825701325,0.32952544914512005,0.3566152077267077,True
ABCC6,-0.960328073668889,0.024672074460940295,0.3301629807799464,0.3566152077267077,False
MMP15,0.207336828962408,0.04436972602510756,0.34253611966486525,0.36888505194677795,True
RNASEH2C,0.145499468330284,0.026235030342232117,0.35168279352302817,0.3776181027798886,True
GALNT16,-0.431296967773754,0.021744256229036245,0.39010469077066884,0.4176414924721278,False
CGB5,0.797228919810339,0.09667150987575601,0.43905524755112885,0.46866894460003194,True
SLC6A17,-0.518150729607631,-0.022957664544472685,0.44128332246290064,0.4696699689371224,True
TPI1,0.379359867159137,0.03082423963192856,0.45768471753774875,0.4857062308563865,True
NOS1AP,-0.351343404339704,-0.015281984444883998,0.4650782362698973,0.4921176686111704,True
BTBD9,-0.102610005944177,-0.017160062010496056,0.4728317700362321,0.4988717805599666,True
CDK20,-0.277800229297979,-0.014840398589039969,0.4766021852785348,0.5013965186167245,True
GLRA3,0.590885593443723,0.015278999854123104,0.4958944706569361,0.5201890124470454,True
MRPS18A,0.198368437944657,-0.015677868624479396,0.5301067336905417,0.5544794570786127,False
ZNF44,-0.119640191017503,-0.018908131855112753,0.5316864011028902,0.5545382521531577,True
SIAE,0.217043869074812,0.018362436591085544,0.5380505984891999,0.5595726224287679,True
CAMK2A,-0.727325034532775,-0.014583622700636643,0.5888118412183924,0.6106196871894439,True
BSG,0.181210073740085,0.013253952181746869,0.6174522377149766,0.6381267690503558,True
EVL,-0.215683417678748,-0.01186588081535898,0.6201654601083468,0.6381267690503558,True
AR,-0.767900292865059,-0.012858152071762146,0.6205958138566647,0.6381267690503558,True
ANGPT2,-0.991487191413867,-0.06506080802519891,0.6678801924691299,0.6848123663627135,True
SYCP3,-0.473698295857922,0.011392005897326005,0.6850528250619338,0.7004472705689435,False
HSPB6,0.580490473532755,0.017497176623366865,0.7535691010890698,0.7683449658163065,True
GDF15,0.32604899404217,0.008753451560071925,0.7622174091276928,0.7749920025767603,True
RABGAP1L,-0.239119157945151,-0.007486572368169069,0.7718250905848119,0.7825747436570237,True
LINC01140,0.297797154272248,-0.020581711770718256,0.7864059079404515,0.7951437513620121,False
SWI5,0.181336514135945,-0.005716123336309307,0.7971616655165253,0.8037862776953331,False
TPP1,0.178012161057815,0.006075644283480682,0.870560360316651,0.8753700860642568,True
ISCU,0.215261212450742,-0.0022691426241782894,0.9209654768212389,0.9213026878770683,False
C21orf58,-0.192539511687061,0.002009645087477828,0.9213026878770681,0.9213026878770683,False
