gene,discovery_log2FC,discovery_padj,validation_log2FC,validation_FDR,replicated
ENG,1.051,3.30391068788557e-08,0.524,2.61394694251302e-10,True
TMEM45A,1.648,3.30391068788557e-08,0.989,6.53830297895296e-11,True
SPAG4,1.304,5.95128285122091e-08,0.571,1.68213315420441e-13,True
PPP1R1C,1.538,5.95128285122091e-08,0.507,1.88151736758371e-12,True
CADM3,-1.47,2.31920894428287e-07,-0.483,1.61243323217273e-08,True
CP,2.134,3.81731799252453e-07,0.711,0.0007940491150169,True
HILPDA,1.272,1.9334994329155e-06,0.701,1.87041813103915e-09,True
QPCT,1.509,2.22542758006671e-06,0.724,6.98940519192397e-10,True
IGSF8,0.984,2.22542758006671e-06,0.312,9.9124032009457e-06,True
HSD3B2,-1.616,2.43312303103133e-06,-0.388,2.02737007962745e-07,True
LTF,2.127,2.69608507783602e-06,0.508,0.0002629076735196,True
BHLHE40,1.413,6.23122595325132e-06,0.868,1.3155881938209199e-11,True
PLIN2,1.198,8.23883738918828e-06,0.494,5.18065050223198e-10,True
NDRG1,1.246,1.60821532942306e-05,0.712,3.57996970315168e-14,True
ANKRD37,1.137,2.09791863409652e-05,0.535,9.10437764757971e-08,True
SFXN3,0.95,2.3853353129867e-05,0.556,9.65042128209306e-12,True
SLC6A8,0.84,2.78882786365727e-05,0.289,3.70321180097284e-10,True
ERRFI1,0.909,3.06866404204751e-05,0.378,5.45089105000151e-08,True
PRDX6,0.603,3.06866404204751e-05,0.121,0.0076672633251666,True
RBP4,2.349,3.19650920650459e-05,0.287,0.140402184298171,False
SYDE1,0.858,3.73606603342313e-05,0.496,8.97034127552744e-10,True
SPON1,-0.868,3.7521249859045e-05,-0.531,1.97477156055099e-07,True
PDZD7,1.295,5.61168244509418e-05,0.098,0.0059938435651142,True
SPX,-1.498,5.91306431428368e-05,-0.775,3.20436828074739e-07,True
FLT1,1.58,6.69237820500027e-05,0.854,3.27077566812582e-16,True
MXI1,0.84,7.17710156135253e-05,0.332,1.88829381373775e-07,True
EPHA5,-1.53,0.0001369403430292,-0.062,0.129777872076814,False
C8orf58,0.658,0.0001627662327115,0.213,6.98940519192397e-10,True
CEBPA,0.662,0.0001627662327115,0.19,0.0004146098841432,True
RASSF7,0.607,0.0001825106931528,0.159,5.99244891262635e-07,True
HMOX1,0.647,0.0001825106931528,0.221,0.0002630247128657,True
DUSP1,0.784,0.0001825106931528,0.408,1.04197004549731e-09,True
PNCK,1.241,0.0001825106931528,0.152,4.55703617083933e-07,True
SLC16A3,0.714,0.0001825106931528,0.239,1.59340734695269e-08,True
PHYHIP,1.139,0.0001825106931528,0.375,2.8098277788454005e-10,True
KRT19,0.76,0.0001849201946916,0.499,1.41660684892261e-13,True
CRH,1.263,0.0001913483480089,0.986,6.20109112560356e-10,True
ARRDC3,0.72,0.0002059586129156,0.326,8.276089881163e-09,True
ADAM2,1.831,0.0002068273036276,0.404,5.0872971234249905e-09,True
UPK2,1.339,0.00020707209287,0.117,0.0094678872534068,True
LIMD1,0.721,0.0002198897303344,0.626,3.5964356914323895e-11,True
MID1,0.859,0.0002251783284647,0.508,1.07290948759203e-08,True
B4GALNT2,1.908,0.0002538834972754,0.128,0.0002533341950472,True
P4HA1,0.663,0.0002688242688254,0.588,7.048438662282029e-13,True
FREM1,-0.876,0.0002694162064866,-0.215,0.0001546107987681,True
OR51B5,-1.504,0.0003252958635759,-0.351,0.0001748166555646,True
HTRA4,1.586,0.0003252958635759,1.16,4.60145060891002e-13,True
CALM1,0.662,0.0003555912402181,0.352,5.08437981253846e-11,True
SLCO4A1,1.532,0.0003683107920566,0.667,7.01086876570181e-06,True
KCNJ5,-0.763,0.0004034511138454,-0.183,5.87388035264345e-05,True
C12orf75,0.931,0.0004221060815215,0.661,6.0225273253460295e-12,True
INHBA,1.054,0.0004382255954134,0.687,1.3155881938209199e-11,True
PROCR,0.866,0.0004711135396733,0.561,2.40708613774808e-12,True
TET3,0.774,0.0005028360540352,0.552,3.0015888048428395e-11,True
SASH1,0.918,0.0005227875805023,0.906,1.68590099190655e-13,True
MGAT3,0.718,0.0006007628181647,0.321,1.59340734695269e-08,True
KCNJ6,0.956,0.000653495201804,0.134,0.0020626401368455,True
FMO1,-1.001,0.0009003954780459,-0.26,9.24365739755897e-05,True
SLC44A3,0.935,0.0009003954780459,0.094,0.0705066829226055,False
JPH2,0.96,0.0009003954780459,0.231,2.67273132375181e-07,True
HTRA1,0.927,0.0009003954780459,0.539,3.9981578475855e-09,True
GPT2,0.725,0.0009252834368859,0.385,9.87974848057687e-09,True
GAPDH,0.697,0.0009544923936551,0.209,7.1699523153654e-07,True
NRIP1,0.885,0.0009590069540793,0.633,2.58596439168654e-09,True
SH3BP5,1.025,0.0009999662207442,0.807,9.27025503558573e-13,True
CNTN6,-1.535,0.0010580887919843,-0.269,0.0006517352969112,True
TPBG,0.856,0.0010580887919843,0.481,9.82179812221519e-13,True
PIK3AP1,0.619,0.0010580887919843,0.439,5.18065050223198e-10,True
MIR31HG,1.224,0.0010592443950047,0.083,0.0462253879295044,True
DKK1,1.771,0.0011304491170084,0.217,0.285527166756447,False
INHA,0.922,0.001272513155822,0.783,1.7224477097993501e-10,True
HAAO,-0.68,0.001272513155822,-0.094,0.000657282703119,True
OLFML3,-0.908,0.0013026947351747,-0.578,2.3015170983856e-09,True
CORO2A,1.059,0.0013192088822452,0.634,1.80054324602764e-10,True
HCAR2,1.176,0.001481758980496,0.524,2.70883567532431e-07,True
RDH13,0.761,0.0015691461293971,0.514,1.4696265556473501e-10,True
ZC2HC1A,-0.706,0.0016457436472902,-0.52,2.55356962865907e-09,True
GREM2,0.817,0.00171338161371,0.461,4.60557732163189e-06,True
CX3CR1,-1.0,0.0018145588084374,-0.363,0.0004093055249399,True
GNLY,1.711,0.0018325756918274,0.076,0.246445677256351,False
HPCAL1,0.669,0.0018433564629223,0.33,3.76908408274823e-05,True
SAMD5,-0.666,0.0018433564629223,-0.17,6.10464534016966e-05,True
CRYGN,1.028,0.0020171141980022,0.104,0.0018871271943077,True
PAPPA2,0.947,0.0023132278106283,0.501,7.22611909932012e-10,True
CXCL14,-1.045,0.0023241462203674,-0.42,0.0013762092680889,True
ENPP1,-0.678,0.0025064768160664,-0.361,1.48864330239702e-06,True
MX2,0.755,0.0027960952225051,0.271,0.0003819946166504,True
BCL6,0.8,0.0028322641483142,0.693,1.4346520306538902e-10,True
FSTL3,1.559,0.0028491307000624,1.286,9.23176991521945e-16,True
CCSAP,0.683,0.0028509881641715,0.378,1.34630203357528e-08,True
LIMD1-AS1,0.936,0.0030316019404049,-0.006,0.938299712879599,False
IL7,-0.769,0.0030599836849274,-0.056,0.102865673065448,False
SH3PXD2A,0.611,0.0032750747705734,0.693,9.791343178286141e-15,True
SP5,0.939,0.0032923615405065,0.087,0.0142942931112779,True
ZNF703,0.592,0.0037387913669348,0.196,0.000451431644145,True
OSR1,-0.753,0.0041408442875696,-0.051,0.163583910817449,False
SCN11A,-1.074,0.0042061905154416,-0.275,0.0003671325474443,True
SLC4A4,-0.736,0.0043812183438096,-0.301,3.55834613491149e-05,True
SLCO2A1,0.761,0.0044017062294489,0.607,1.4163954873374501e-09,True
GPX3,0.649,0.0048087556313313,0.283,7.1699523153654e-07,True
PDZRN3,-0.626,0.0048712907068281,-0.268,3.59366264057339e-06,True
SYPL2,-0.889,0.0048712907068281,-0.009,0.806126846357838,False
VANGL2,-0.652,0.0050497811619624,-0.04,0.263904585977687,False
SLAMF1,-1.013,0.0052502485977679,-0.34,9.80116562947121e-07,True
OBSCN,0.663,0.0057176016181018,0.108,2.78427740326177e-05,True
DSCR4,0.609,0.0057379875685683,0.3,9.66408416572742e-06,True
GUCA2A,0.691,0.0057379875685683,0.58,1.2724214814756e-08,True
SLCO4A1-AS1,1.228,0.0057473558506614,0.088,0.0098300600638739,True
HK2,1.229,0.0057628143917051,1.02,1.25137819092532e-09,True
SLC16A14,-0.634,0.0058966236019581,-0.034,0.406882205695119,False
NTRK2,1.141,0.0062176646808799,0.537,5.693502867316151e-09,True
TRIM14,0.672,0.0066196203557357,0.369,5.20513702428134e-10,True
GNG4,1.199,0.0066399797323761,0.075,0.344003807481682,False
THSD7B,-1.263,0.0068649262142701,-0.02,0.611762881530313,False
VCAM1,-0.78,0.0071730024510904,-0.196,0.099228912807231,False
OXER1,-0.732,0.0072806217596925,-0.053,0.10875533301981,False
TREM1,1.008,0.0076006400773206,0.877,1.74293997201563e-06,True
SMO,-0.689,0.0079179360449939,-0.02,0.536699783166826,False
SCARA5,1.56,0.0082847855033012,0.107,0.0732913009269409,False
GALNT16,-0.725,0.008603148116048,0.015,0.681700157144322,False
WDR49,0.612,0.0086077533935384,0.065,0.101474813159581,False
SLC16A10,-0.653,0.0088043303246458,-0.5,9.7680672919527e-10,True
RASEF,0.78,0.0090335982627954,0.699,1.36205079991566e-10,True
SIGLEC6,0.718,0.0092508524718574,0.732,1.1832723389546799e-11,True
OASL,0.964,0.009776453497824,0.12,0.0009221833577674,True
CLDN9,0.747,0.0097833413349445,0.137,1.06095596834998e-05,True
PTPRD,-0.606,0.0099339219049401,-0.276,5.14335038562969e-05,True
RARRES2,-0.651,0.0100555889522208,-0.118,0.0026270151063804,True
COLEC10,-0.778,0.0105848609575301,-0.31,0.0026371015279533,True
SLC38A3,0.79,0.0106147010756762,0.246,1.01943727008525e-07,True
MAOB,1.094,0.0106787573595253,0.225,0.0607948202487474,False
LYN,0.598,0.0108244306814766,0.424,2.6121044863888e-07,True
SYT6,-0.912,0.0109038696135647,-0.014,0.712092911189754,False
ZNF114,0.704,0.0111909671180479,0.272,0.024165652206723,True
RALYL,-0.916,0.0112782946170997,-0.207,5.44463717897615e-05,True
VAT1L,-0.762,0.0115045621399541,-0.053,0.176049745930779,False
PTPRR,0.895,0.0119489441124629,0.293,0.0006407380884511,True
VEGFA,0.728,0.0122330739376384,0.283,0.0062228350529923,True
CNR1,1.413,0.0126055697025088,0.12,0.0404898509583829,True
LEP,1.492,0.0126055697025088,2.063,6.852181743614199e-13,True
FNDC1,-0.905,0.0126596937413374,-0.056,0.13116820590094,False
SHC3,0.6,0.0128141579553956,0.166,0.0007879758847652,True
MYO7B,0.784,0.0128686090619454,0.311,7.048438662282029e-13,True
CES1,-0.792,0.013186438427573,-0.124,0.0598043637434012,False
TNR,0.63,0.0131932271451353,0.152,1.60619706120024e-05,True
CHAT,-0.945,0.0132772742711196,-0.09,0.0157005522112928,True
SLC28A1,0.717,0.013361894002768,0.164,8.93840846820073e-08,True
CAMK2A,-0.734,0.0133875361659774,-0.018,0.63195965261189,False
GPER1,0.979,0.0133875361659774,0.288,8.33338240875089e-06,True
COL1A1,-0.605,0.013529999454661,-0.256,0.0001749263789602,True
SLC2A5,0.661,0.0147561746900487,0.135,5.44711842449693e-05,True
SCNN1A,0.632,0.0153142604328327,0.058,0.0571743896511696,False
CRLF1,0.954,0.0154950185135932,0.097,0.0040107125946405,True
HAPLN1,-0.786,0.0167026589091453,-0.526,0.000399290573981,True
BTNL9,0.786,0.0168861603632992,0.335,1.08289611655808e-06,True
NEK11,0.596,0.0180402870967799,0.712,1.13742817959874e-10,True
MUC1,1.189,0.0180402870967799,0.586,0.0009703462325906,True
GREB1,0.779,0.0183876946657333,0.126,0.0358744622960659,True
USP18,0.593,0.0189559057734265,0.357,2.20557829230203e-07,True
MIR365A,0.712,0.0190342150801709,0.283,1.90166662668023e-05,True
COL1A2,-0.602,0.0193750665106268,-0.298,4.70014524985442e-05,True
SMOX,0.822,0.0195024558425746,0.082,0.0257875918942646,True
KCNB1,0.935,0.0195024558425746,0.053,0.0424661581208342,True
PRSS22,0.61,0.0196351078991899,0.219,1.27516650328596e-08,True
ATP13A4,0.739,0.0205510713486491,0.036,0.411845301814189,False
DIRAS1,0.784,0.0223580970328737,0.05,0.123305577288907,False
GPR146,0.608,0.0231774352240673,0.58,8.96068479634066e-10,True
RSPO2,-0.904,0.0238646231291314,-0.228,0.0002169512919412,True
ISG15,0.652,0.0254873878513694,0.112,0.0001404904338786,True
MYO3B,0.743,0.0257525250070076,0.049,0.158337185945869,False
PTP4A1P7,0.78,0.0257525250070076,0.08,0.259839090649231,False
FAT3,-0.73,0.0261221178639942,-0.012,0.684957960552278,False
ADAMTS4,0.672,0.0267524493928012,0.072,0.0096280177624622,True
DNER,0.812,0.0297319463621062,0.037,0.277287018683719,False
OGN,0.944,0.0300524860511921,-0.083,0.724886403158181,False
HSPB6,0.699,0.0315792828015619,0.006,0.947322393824427,False
TRPC4,1.12,0.0318357802612291,0.085,0.252721447683982,False
CGB5,0.804,0.0323605403313914,0.298,0.054015463090138,False
F2R,0.78,0.0340515048205863,0.206,0.0748081308069478,False
ABCC6,-0.912,0.0364469184809497,0.02,0.572578493374735,False
SYNPO2L,-0.724,0.0370352443551277,-0.186,2.17319641288096e-06,True
SPP1,-0.616,0.0389428570361309,-0.18,0.0084782438771801,True
FSCN2,0.841,0.039562115186947,0.116,0.0027545084047965,True
ADRA2C,0.723,0.0403052287535947,0.148,0.0003996326019169,True
SELE,-0.625,0.0441603463752413,-0.273,2.02457004431191e-08,True
MYO1A,-1.009,0.0457504356725005,-0.229,4.65367718939038e-06,True
CHI3L2,0.631,0.0472149578038059,0.404,0.0001223025090248,True
CXCL8,0.867,0.0475256473292414,0.438,0.0057788633925657,True
CTLA4,-0.774,0.0490288334912714,-0.109,0.0063705059975516,True
VTN,-0.59,0.0493808767565975,-0.253,5.27885552366252e-06,True
UCA1,0.721,0.0493808767565975,1.043,6.29683291768392e-08,True
