gene,baseMean,log2FoldChange,lfcSE,pvalue,padj,log2FC_val,p_val,FDR_val,valid
SPAG4,93.4557764518356,1.06268914935022,0.18462503779092,4.7542891599398e-11,3.3340750624978e-07,0.5706526600103111,1.439567061046629e-16,4.186620905288859e-13,True
PPP1R1C,44.0025720973754,1.17283282926145,0.207909813504274,6.54189161679152e-11,3.3340750624978e-07,0.5067870920326836,3.8000989917629406e-15,4.210147768683647e-12,True
TMEM45A,330.499198289069,1.23547109791527,0.222819274008936,5.04302503773212e-11,3.3340750624978e-07,0.9890160324894186,3.0890163283314015e-13,1.4667153856113954e-10,True
QPCT,114.658669688543,1.22248428898689,0.229381967997134,2.62324321801186e-10,8.9129060403983e-07,0.723860225652624,5.2539105280880156e-12,1.3581942482943976e-09,True
CP,79.7580726071327,1.57079751424013,0.289008733957188,1.0123923775657101e-09,2.94837585843635e-06,0.710678972105747,6.085696708356557e-05,0.0009929342425480704,True
ENG,6968.45557524311,0.76547368164247,0.144646925210532,1.4200670146516201e-09,3.61868577008599e-06,0.5244624505002538,1.4549265892985485e-12,5.05228686964478e-10,True
LTF,188.202078799704,1.61582708956345,0.350998858590841,1.27378331411035e-08,2.22153085568022e-05,0.5082543076352413,1.6030552175384505e-05,0.00033967834873633505,True
HILPDA,471.786057308119,0.965502297489738,0.192986002966633,1.53620574466746e-08,2.4090069469839e-05,0.7007355610539064,1.7442326704731873e-11,3.559764676423612e-09,True
FLT1,75855.5539574683,1.26042388137686,0.285975292412507,6.7500040713751e-08,8.17837665779814e-05,0.8535421654739624,4.71443032603473e-20,1.0968593596552403e-15,True
P4HA1,1136.85259273158,0.578870325727938,0.122857018505801,7.89957514085122e-08,8.2815156387345e-05,0.5877582711740859,1.0207759882194845e-15,1.484335883869658e-12,True
BHLHE40,2537.91804050372,1.05297729644099,0.235709939142307,8.12470875967281e-08,8.2815156387345e-05,0.8678993709165271,4.500655593770526e-14,3.0797721483725014e-11,True
C4orf3,1203.81861627872,0.32877794442313,0.0711210332561676,1.52794397491975e-07,0.0001354289820552,0.17777494416251305,6.406165426885003e-08,3.6710799217218345e-06,True
MIR31HG,15.3176690752887,1.10909858069583,0.246942166488453,1.67041530066592e-07,0.0001362123452775,0.08280630859585812,0.010725942220488888,0.04744292237678602,True
PLIN2,11219.2716933707,0.829086019949419,0.194898586246444,1.93968425490542e-07,0.0001520861662326,0.4938429864653485,3.3742210361381428e-12,9.57373495448659e-10,True
IGSF8,641.688156050012,0.692345843864189,0.162905611459705,2.83238446694577e-07,0.0002138555175672,0.3116257200207983,3.159498728462774e-07,1.3537550168768859e-05,True
FSTL3,5274.90386324426,1.51523552446936,0.359149528479922,3.6479435484361e-07,0.000239893474769,1.2860041968907066,3.8575030822923994e-19,2.9916222237538324e-15,True
BASP1,2151.19639347391,0.464016312573733,0.106631866263925,3.61437141894859e-07,0.000239893474769,0.18003171445641322,3.436844148697027e-06,9.859632054696059e-05,True
NDRG1,3969.29421419363,0.829842298403678,0.204120310303503,4.65148690564391e-07,0.0002704672725261,0.7118879850312722,2.1268497274667704e-17,9.896657151848375e-14,True
SLC6A8,1046.88868559659,0.611458203394008,0.144445720300058,4.90890271925251e-07,0.0002704672725261,0.2890558212600926,1.8009923876097498e-12,5.901674491567385e-10,True
CRH,13378.307688437,1.00026971161754,0.260789628858597,4.58512485176654e-07,0.0002704672725261,0.9861726652781,4.597960417087608e-12,1.2156380348177305e-09,True
HTRA4,3888.75072796999,1.25792846867527,0.337042458715094,4.83146827908212e-07,0.0002704672725261,1.1600378917675092,5.369181952820158e-16,1.249193873143138e-12,True
GAPDH,5379.52876445562,0.588028668372988,0.132042333809238,5.52599104687404e-07,0.000296454877583,0.20893311020271896,1.2627856687638376e-08,9.152639055906369e-07,True
UPK2,18.1167147386238,1.07091396003795,0.261297310349896,6.91082717556456e-07,0.0003598816454612,0.11706533918786971,0.0012346588217039376,0.01004390634467266,True
CSNK1E,1020.87258044979,0.370217474112412,0.0876085723890214,7.0613488759201e-07,0.0003598816454612,0.23248492739453694,1.2559890285964098e-08,9.131825231038772e-07,True
PREP,715.151929600765,0.338441511443811,0.0782984523312694,8.07875087532715e-07,0.0003743032166918,0.18600590781535997,1.4497767992480964e-05,0.00031465025197114,True
PHYHIP,151.328962927281,0.853850004600149,0.220573997566624,7.79450167239363e-07,0.0003743032166918,0.3745708986138709,1.4807001926786953e-12,5.066172159244489e-10,True
ANKRD37,57.8664264942503,0.823133934765021,0.199797069980174,7.98320676400939e-07,0.0003743032166918,0.534817489190285,1.423099008352081e-09,1.4914334021765548e-07,True
JPH2,215.819896387717,0.803177667709667,0.195994367652399,8.54424702959143e-07,0.0003870733776561,0.23060753444288704,4.200617180116889e-09,3.646699974350729e-07,True
ADAM2,64.7837588879898,1.38951730155977,0.39362157630567,8.84038909064833e-07,0.0003917829826129,0.4038802087399782,4.8416263709273306e-11,8.869707019369707e-09,True
SCARB1,7234.18552054592,0.443946567378449,0.108783975048504,1.08296252206006e-06,0.0004486411895868,0.3724013622555252,1.4126101181842455e-12,4.979664698435554e-10,True
ERRFI1,7955.42414009891,0.63990703606373,0.16236016401249,1.39797929863695e-06,0.0005480616535002,0.3781843501209753,7.261339804407593e-10,8.575752887784115e-08,True
SYDE1,3754.15811393684,0.588812375124082,0.151196509113227,1.49795773338403e-06,0.0005761767236371,0.4955723882143886,6.808365097186713e-12,1.6791036107023457e-09,True
SASH1,3930.32436619675,0.697702500432662,0.180850769187933,1.86070707233509e-06,0.0006773638281539,0.9057669607165936,1.7814168775209617e-16,4.6051605636003e-13,True
DOCK1,2407.8749009873,-0.174152815111621,0.0434029307528501,1.81741350907777e-06,0.0006773638281539,-0.1118230952627483,0.00027575769759926943,0.003288456479930601,True
ZC2HC1A,507.929961609393,-0.572002027362296,0.135835882514033,2.06448746114594e-06,0.0007323985529036,-0.5200047483495844,2.3165985490347473e-11,4.4914984868202025e-09,True
INHA,695.304990059367,0.798435938903829,0.221943090152234,2.27413678210868e-06,0.0007857720752553,0.7834797064942304,9.328314908713598e-13,3.557911060100501e-10,True
NTRK2,149.171909287438,1.1691245482803,0.344389332729426,2.3269939707956e-06,0.0007906349848106,0.536721417379602,5.7997090706349093e-11,1.03796947105686e-08,True
MGAT3,647.166486307735,0.544681136953832,0.139024903677902,3.72674947808927e-06,0.0011688233055435,0.3207481150610156,1.7750242996367972e-10,2.4878141780331155e-08,True
SMARCA1,1929.03713001983,0.319737877919447,0.0820335065013694,3.96749088691065e-06,0.0011979149882001,0.4003799353346644,9.413095797548029e-16,1.4600339121716828e-12,True
PNCK,36.7107108461705,0.838695965025023,0.238436141214453,3.99579217098056e-06,0.0011979149882001,0.15151082350077036,5.731353479829633e-09,4.598126553852284e-07,True
BNIP3L,3330.88537303252,0.2972412344031,0.0786766275709961,4.60118144549754e-06,0.0013469648038258,0.1008971919394469,5.3569935036553056e-05,0.0008966605097557147,True
TET3,2067.16634734744,0.555762639266346,0.152553825941135,4.62511214891627e-06,0.0013469648038258,0.5522874593070916,1.1016070871419117e-13,6.251217192547249e-11,True
KRT19,8585.66248639973,0.518077914271757,0.141996974275746,4.82908915471835e-06,0.001386560725466,0.4987114911905336,1.0150102327645964e-16,3.3736040107858714e-13,True
PDZD7,35.2689553182754,0.825975732063904,0.233329050319956,5.48646530651833e-06,0.0015114470505227,0.09824343802514364,0.0006345474841394705,0.006111080866256338,True
MLX,421.819288470391,0.237158229256476,0.0625407167895014,5.7360910591505e-06,0.0015446767079661,0.09115705128452484,0.004195028397070863,0.024114873025121927,True
INHBA,43995.2014651654,0.770644091196436,0.220096408513894,5.75862993257285e-06,0.0015446767079661,0.6866953603305315,4.282354541211455e-14,3.0191897198735064e-11,True
DNM2,2715.97744705735,0.236418349759311,0.062759119309645,6.23407869862318e-06,0.0016243474039313,0.22251156720423096,8.154805312210976e-11,1.3361246506612716e-08,True
ARRDC3,10538.9327643966,0.529646021419694,0.14749368845831,7.06646108121069e-06,0.0017617729725855,0.32644615818523753,8.109029267589366e-11,1.3361246506612716e-08,True
MXI1,742.373967235108,0.541835675120667,0.150400961648114,7.36787849819797e-06,0.0017670773066384,0.33161594046727433,3.0640377687540744e-09,2.8288850288822335e-07,True
AGPAT5,1264.79510108795,-0.696087690847468,0.181881552783521,7.29668754050827e-06,0.0017670773066384,-0.46240010643308926,1.5006273906307053e-06,4.90359506606938e-05,True
PIKFYVE,1903.61379256036,-0.143729832132308,0.0364370883455866,7.65231609027635e-06,0.0017942504462074,-0.1289458754770936,1.3551549383558732e-06,4.517053695671597e-05,True
BACH1,3244.28150107114,0.33242927962131,0.0859295231385606,7.6572053772222e-06,0.0017942504462074,0.31759086377232354,2.2944967062035726e-13,1.1358246886496238e-10,True
MID1,585.243743433837,0.581022685741207,0.160248550048507,9.13944722403278e-06,0.002070186345657,0.5081231644610847,1.2462922959129137e-10,1.907647141888806e-08,True
SFXN3,1009.19043978587,0.566730783137424,0.163107003154259,9.09423838059556e-06,0.002070186345657,0.5561107854778968,2.5652437475337343e-14,2.1315343225042806e-11,True
PPL,1230.52597308355,0.480334600986163,0.133590793376169,9.65728960745471e-06,0.0021169194186835,0.3600084945250382,9.954415414100367e-10,1.0976276257083371e-07,True
SIGLEC6,9562.82990551026,0.714054246681314,0.204810703003553,1.00095417996609e-05,0.0021647243149812,0.7321334221168836,3.752095841399337e-14,2.7280081826874055e-11,True
TRIM14,258.504697244679,0.578442468665045,0.159575099631471,1.01569522289622e-05,0.0021647243149812,0.36870361069242485,3.21035630023136e-12,9.336518710147854e-10,True
SEMA4B,1111.57326561599,0.291190824054442,0.081505344700068,1.01939337897674e-05,0.0021647243149812,0.10504296391792349,0.0007741427198515837,0.007065988434706531,True
PRKD3,820.990252984224,0.462799087327264,0.13000450100836,1.0770661554815e-05,0.0022636155304789,0.4728058356109154,2.5361913349412397e-13,1.22931307497381e-10,True
HPS3,470.891529376822,0.231498405855442,0.0623120841948907,1.11936102487412e-05,0.0022819293853083,0.19135813795891574,3.5966879835077225e-07,1.5159518591357006e-05,True
REEP4,566.067228274739,0.346422105629388,0.0926672104816853,1.10618257397733e-05,0.0022819293853083,0.18591455622391503,1.1442836378792546e-05,0.00025822408456739805,True
C12orf75,262.202821062385,0.645565638896608,0.18780601577354,1.11062632799258e-05,0.0022819293853083,0.6609805467035751,1.6190179683994676e-14,1.395113779732667e-11,True
TPBG,1088.27579986406,0.650955224174124,0.185141745739908,1.22327297046384e-05,0.0024448669388113,0.48099584891890695,1.6939217022164992e-15,2.2171585737844345e-12,True
GRHL3,94.2844313598703,0.468728055115026,0.137738031537407,1.38028895435408e-05,0.0027056317907175,0.19578039252663484,7.589738454416807e-07,2.80735858315519e-05,True
SYNPO2L,165.186833359913,-0.818966071112275,0.233794497529651,1.42272747491784e-05,0.0027534026772288,-0.18579915790206156,4.370138318689125e-08,2.661665919440345e-06,True
CALM1,12480.6025587621,0.459018655548782,0.132822269278652,1.43167214650376e-05,0.0027534026772288,0.3517474566745062,1.769400839577272e-13,9.148195540801068e-11,True
MYO1A,22.8265773116509,-1.2035249722201,0.31780191876351,1.47739876902462e-05,0.0028147898416201,-0.22855993295432134,1.188665475466888e-07,6.045010246817212e-06,True
SLC16A3,1674.18831458388,0.481488101039394,0.144597885782095,1.51378414002561e-05,0.0028311929796845,0.23920631905735132,1.5308802540658574e-10,2.2377515026074197e-08,True
DPP7,256.875302912026,0.460229382601542,0.137583253886605,1.54010321152142e-05,0.0028542312790977,0.1148447991223149,0.0011154272956921528,0.00930190971628642,True
PDE5A,902.769400024064,-0.250214483402885,0.0687941581582343,1.69701120888283e-05,0.0030615283632111,-0.32545190331393603,5.0229369735199934e-09,4.100479004418111e-07,True
GUCA2A,112.879960666484,0.657051848808467,0.188955534080301,1.76098677895135e-05,0.0031490768838335,0.5795218341745977,1.5263415997944941e-10,2.2377515026074197e-08,True
PRDX6,3011.40332975464,0.354843376800059,0.106000173328301,1.77817463267165e-05,0.0031521624401429,0.12060982740461718,0.0009429553817459297,0.00822293849763898,True
CNTN6,16.5625334866455,-1.02239405088558,0.278014215682455,1.91109296421663e-05,0.0033585811352172,-0.2688386470754473,4.619879529420717e-05,0.0007950156592566746,True
CLDN16,130.488403588566,-0.839385717559227,0.239147895148279,2.00053487289234e-05,0.0034857182836566,-0.5676143399152436,4.2943674404798494e-08,2.6223819650972226e-06,True
HTRA1,19306.7272109076,0.66745656294368,0.218992130468443,2.09907638042404e-05,0.0036186324466844,0.5386296884795998,3.9839247098229727e-11,7.415199383899302e-09,True
USP18,39.1694338610512,0.557165124981167,0.160427203538035,2.15330097609001e-05,0.0036580994748809,0.356791127387456,3.819555232628696e-09,3.3661277288764865e-07,True
MRPS30,571.595584201417,-0.164866622033464,0.0444732665165782,2.18452391165523e-05,0.0036804714432234,-0.15167101031865823,1.0780342439781603e-06,3.7435141373725196e-05,True
CORO2A,240.479098306056,0.772887691018915,0.236487578732592,2.21183293347073e-05,0.0036959365722733,0.6338868951920216,9.81502674487112e-13,3.624704956288436e-10,True
MAP3K8,1353.08494329026,0.310859158381769,0.0926081872383993,2.31940252964726e-05,0.0038441739812511,0.16286625722449571,7.804437989375733e-06,0.00019013408823122073,True
BRAF,2164.53359969649,0.229388634911463,0.0653227094916307,2.35536318200491e-05,0.0038722930506735,0.11625961048901039,0.0008085292395238372,0.007308174548081428,True
SLCO4A1,357.80811866947,0.947296302238509,0.325325436587127,2.65108711299977e-05,0.0042555166839065,0.6672717548021987,2.2396511701897548e-07,1.0237273895016666e-05,True
UGP2,3285.17569489127,0.256622919235764,0.0752172531116377,2.61395383351933e-05,0.0042555166839065,0.22988809565644572,4.555983888189579e-08,2.760292921099207e-06,True
GREM2,989.104544580704,0.59569144648181,0.187743880592538,2.69663167731186e-05,0.0042615142150139,0.4609568901394608,1.3323627273019245e-07,6.609541836547245e-06,True
CEBPA,838.347811264113,0.420496905609049,0.131172873982207,2.68172909668198e-05,0.0042615142150139,0.19003020119070763,2.5426216542700604e-05,0.0004933831143306691,True
PTPN12,3826.05153618355,0.238708341194504,0.0709266480309107,2.90207418659001e-05,0.0044482469449491,0.16697704492105203,1.3352233766415264e-05,0.00029334567592957276,True
SLC2A1,29191.9720943906,0.348151762254609,0.10453066546023,2.9958108750696e-05,0.0045238963332717,0.16043452859360277,2.0584421778045534e-09,2.0040340738668154e-07,True
RASEF,572.358387999233,0.66332490346396,0.202236454778413,2.98893733583667e-05,0.0045238963332717,0.6994247224154738,6.96780976707129e-13,2.8440888077312387e-10,True
OCRL,1580.92870034132,0.320961493096478,0.0989313271804021,3.2877440560604e-05,0.004863241165845,0.42104943458753114,5.684214770359775e-15,5.5103725352996046e-12,True
CDO1,2728.93629128822,0.390332772675832,0.122511291579878,3.29209889574522e-05,0.004863241165845,0.2712006526676956,2.1571216570982522e-08,1.4547128253347227e-06,True
SH3BP5,557.239874637138,0.700354615541465,0.221816518623822,3.60071545269575e-05,0.0052437816492595,0.8069866062464721,1.715329421822394e-15,2.2171585737844345e-12,True
NRIP1,3998.89709508057,0.640689720817305,0.205575066987745,3.82190617855221e-05,0.0055257715855294,0.632502176349261,2.4728174346749577e-11,4.7547578872022784e-09,True
TREM1,360.144281643682,0.902123723028386,0.327737001148104,3.90809431297491e-05,0.0056105923003032,0.8773365612541694,4.443457896230838e-08,2.6992556504884246e-06,True
KCNJ6,45.6049499632982,0.5946778396138,0.198755349536224,4.1919357108712e-05,0.0058615041047898,0.13360170715034095,0.00017114755968796418,0.002250943540814118,True
PROCR,1286.04347706676,0.536252159010355,0.186884659327739,4.36674038767007e-05,0.005972253779482,0.560655266745129,5.44931342213912e-15,5.5103725352996046e-12,True
METTL6,281.562009503711,0.234957342797065,0.0715412188169111,4.3943788233214e-05,0.005972253779482,0.19987994505461773,8.130049043975981e-06,0.00019642130950897735,True
GPX3,3113.5167477136,0.473968917020734,0.157364325502842,4.5369032695902e-05,0.0061251198711169,0.28304309688217816,1.427418110647205e-08,1.0186505431324136e-06,True
OBSCN,312.756540599446,0.534890934249147,0.175874050865003,4.75656833725687e-05,0.0062965845534622,0.10788149712269383,6.383381008036867e-07,2.4752623755497624e-05,True
PIK3AP1,2862.66223280872,0.412278359552692,0.136437611949192,4.74618357964006e-05,0.0062965845534622,0.4393674672779611,3.3422348513665132e-12,9.57373495448659e-10,True
ERGIC1,1745.74672130167,0.330499934054931,0.106133935652882,4.80720618666983e-05,0.006322561633642,0.3491198798033193,1.1022845355023752e-12,4.0071487504684785e-10,True
TENM4,53.2368906672701,0.646908674010046,0.209893498367813,4.93800236477301e-05,0.0064529561671963,0.10238167757262616,6.995591380604886e-06,0.0001750101387754336,True
B4GALNT2,14.9037729147789,1.11403176632899,0.397093405870189,5.14244154086085e-05,0.0066773129459865,0.12782113097708922,1.2164412328172293e-05,0.0002703125283927952,True
CATSPERB,227.68817035984,-0.502643764654831,0.152408273968207,5.46739292581317e-05,0.006880140258372,-0.491427708909962,1.227309607587241e-09,1.328120247912779e-07,True
HK2,684.883236460294,0.958393098119804,0.342177067429959,5.45687356258974e-05,0.006880140258372,1.0204173007043082,1.1245110868686823e-11,2.507677025603867e-09,True
DUSP1,7147.59591671397,0.483345296021418,0.165356116545216,5.56762387390311e-05,0.00692082806667,0.40757793771945483,7.850378182862704e-12,1.8264689880248369e-09,True
EFNB1,1221.32218996473,0.355039995298052,0.117198671901379,5.83225428685293e-05,0.0070352861474428,0.3234596374668082,6.232074487333333e-16,1.3181404092936122e-12,True
NFIL3,1018.26595673226,0.313630727146115,0.102509501052842,5.78597097516508e-05,0.0070352861474428,0.1565254976740889,0.00047785361977249063,0.0050125078077668025,True
LEP,9224.6886517797,1.34803062489279,0.547408627060229,5.71313213548821e-05,0.0070352861474428,2.062611061739841,9.101640035161085e-16,1.4600339121716828e-12,True
MX2,134.386519827218,0.512584176603188,0.170303392183545,5.82926834592891e-05,0.0070352861474428,0.270724800906823,2.4078330310301814e-05,0.00047115763919216316,True
KCTD7,233.739665253372,-0.186981993353788,0.0573205621630357,5.78901226743355e-05,0.0070352861474428,-0.13148591547465358,3.2603276407284206e-05,0.0006039393542132757,True
C8orf58,326.012090976711,0.387117143423482,0.125897654866082,5.92202724924609e-05,0.0071015557354782,0.21324405060371712,3.151402487484365e-12,9.281079781495093e-10,True
S100A6,1414.55998612878,0.311390579235537,0.0967400772964318,6.00309693138864e-05,0.0071566745054554,0.21598631846594088,1.718849534887327e-11,3.5390047149281903e-09,True
ZNF555,180.715453367064,-0.297173078123386,0.0933847323949001,6.25310399536355e-05,0.007368542083785,-0.23435094200104356,2.5364950708160925e-07,1.1305382053181458e-05,True
GREB1,33.1241277877506,0.0138905708754782,0.0476997989846322,6.42622841771173e-05,0.0074860052870555,0.12567526733567963,0.007824679513547995,0.037989080682890426,True
FKBP8,1675.5048532572,0.266247300914285,0.0884980208930231,7.18101927468571e-05,0.0081281376844593,0.17161336151172502,7.88961507890335e-08,4.339474809119748e-06,True
GBE1,1024.88699603404,0.223043495170286,0.0711868546264419,7.24839111685684e-05,0.0081281376844593,0.13689537456940992,0.00033511990993465496,0.003816397368839786,True
CRYGN,19.8426999015668,0.729630118805273,0.256987959627265,7.28871745887736e-05,0.0081281376844593,0.10413379349058609,0.00013962269283469562,0.0019161609643669286,True
TMEM107,123.579994552479,0.262866367452286,0.0863891188658269,7.29404420757542e-05,0.0081281376844593,0.09593042248287796,0.0003309176281016998,0.0037777868181619956,True
IFIT1,218.06062902175,0.486217171665187,0.162626857825359,7.29642497918207e-05,0.0081281376844593,0.3185407529635747,7.287477976224741e-06,0.00018133739314956667,True
CA4,51.3302956373234,0.722675256597444,0.26755727729129,7.42259133248532e-05,0.0082237471143503,0.14375248219772407,3.0466923849384237e-07,1.319922772218568e-05,True
TECR,2538.6095186513,0.353106208056439,0.11789450948144,7.5542412846639e-05,0.0083243655583328,0.12241919869428072,0.00020135429674982935,0.0025613499552660083,True
RIOK1,531.102165588933,0.250535906588238,0.0821496870147398,7.85244143067577e-05,0.0084810059075911,0.2065101304571635,1.2291883526068175e-06,4.1567291005450894e-05,True
CYP2J2,531.363804414949,0.404191356990005,0.132019449422257,7.90440067910485e-05,0.0084810059075911,0.4056496089588526,1.0721816543533878e-10,1.676038097032963e-08,True
RHBDD2,1028.37413611099,0.345759627566933,0.117820488848078,7.95792227563475e-05,0.0084937279325178,0.1871225070921811,0.00027102536766331975,0.0032419929069690476,True
PRSS22,79.2004846520928,0.612681051455838,0.206493712042517,8.11956233888032e-05,0.0086211144708549,0.21947968513494562,1.1034976881639013e-10,1.711598480854755e-08,True
SLC28A1,120.733070709682,0.580479845215282,0.206735183310137,8.30680507723402e-05,0.0087289963043552,0.16416536530536194,8.238013400625477e-10,9.488397018760017e-08,True
AP2A2,1506.59320827602,-0.152998515224097,0.0501460696824616,8.57111789273546e-05,0.0089605543262207,-0.11929649422971604,1.1267007811000099e-07,5.817481524844563e-06,True
LDHA,2637.85849772128,0.434546796344127,0.140469259213271,8.63559013598655e-05,0.0089818949240929,0.398090176205407,9.12322529012999e-13,3.5376826600027393e-10,True
RASSF7,180.129112577591,0.346441226275933,0.119851291945666,8.80089297204479e-05,0.0090613638448537,0.15878510112539163,8.340557454658917e-09,6.425543368877297e-07,True
SH3PXD2A,7694.13857726838,0.397944023077633,0.139645984169804,8.76383087012532e-05,0.0090613638448537,0.6932996125297464,4.790084419891744e-18,2.786152602830033e-14,True
SLCO2A1,4895.35951513707,0.549994250920968,0.19633070520921,8.88791516541182e-05,0.009104976812165,0.6070651340199363,1.2518231438994214e-11,2.721954884669527e-09,True
OASL,17.9673331016139,0.755298116816694,0.255574936353058,9.01856078802239e-05,0.0091926190112312,0.11996384418668496,5.980492595746781e-05,0.000982642236812462,True
PKM,4665.11602549763,0.294126873611451,0.0955699418086141,9.28126871400948e-05,0.009366729901178,0.25934109976257047,8.959277502626786e-11,1.4375624163869987e-08,True
PAPPA2,185186.673037444,0.620957276351081,0.2303651618515,9.26497260330945e-05,0.009366729901178,0.5008234436187938,5.242306704787789e-12,1.3581942482943976e-09,True
KCNC4,458.638513801378,-0.366635904536932,0.120920701701258,9.76967566493499e-05,0.0095998339545767,-0.07065465090741403,0.010763054737333463,0.047579941386813665,True
TMEM179B,272.219163602504,0.298566661077769,0.101355236363963,9.77977087048938e-05,0.0095998339545767,0.1510663532735735,4.300381859878576e-05,0.000750020122578223,True
MOB3A,940.019051492453,0.282029529244224,0.091005424712646,9.9506078669457e-05,0.0097058895682083,0.21457037790493774,9.750955386295706e-09,7.294717942686685e-07,True
ZNF114,124.202265756942,0.566929093601583,0.202961385958056,0.0001041902572914,0.0100664577494928,0.2716668779433566,0.004778739559145559,0.02655413293123491,True
GPER1,100.027020010795,0.846082721988119,0.309356130011178,0.0001094031033685,0.0104424732280611,0.288108343141718,2.544599756788763e-07,1.1319819874081713e-05,True
TCN2,101.834473255564,0.506078718229222,0.184108279933551,0.0001096188203083,0.0104424732280611,0.1569869485943669,0.0012561041926255853,0.010161516045071928,True
DYRK2,1309.37105060569,-0.227102585154473,0.0754336393191803,0.0001140084400096,0.0108101212001706,-0.12695834825599023,7.8908712819409e-06,0.00019143796793079978,True
TMPRSS11F,39.9214031653123,-0.60882139635541,0.196857831054581,0.0001185365303491,0.01113587883732,-0.38138740405351496,2.3749465236182964e-07,1.0771053765790113e-05,True
KLF3,1946.41620537295,0.228237153778693,0.0716839870123552,0.0001235076429888,0.0114969260729279,0.2151918133401102,1.2998165131775479e-07,6.46186559734804e-06,True
PGK1,3140.22660328613,0.194344655291181,0.0639202790487294,0.0001265976800179,0.0117310013856603,0.09650172610142026,0.00017600534111767105,0.00229794627746562,True
MFAP5,3739.64003873281,0.34114345907761,0.121169270309569,0.0001277195517605,0.0117814062542516,0.1748905376447271,7.268149435541356e-09,5.69362844334361e-07,True
SYT17,81.9103443535414,-0.258256719942458,0.0872270556295509,0.0001294796451104,0.0118896141729069,-0.0807465503201644,0.001362460922706992,0.010744857393589359,True
MUC1,529.121940047114,1.01876208553799,0.388575547800942,0.0001322288974133,0.0119908503719561,0.5863324947719699,7.730818730909196e-05,0.001199901458261063,True
IPMK,1111.28840336876,0.369227772040495,0.126370078463356,0.0001364384502766,0.0123072311829184,0.4131732447350803,2.165631953567863e-12,6.902136031741083e-10,True
CD82,293.578977142978,0.363996908890633,0.126416230820066,0.000145490767152,0.013008661312116,0.18331238463618452,1.8620159931333887e-05,0.0003823624368600302,True
RARRES1,72.4618827603514,0.438416186522895,0.154834621143401,0.0001471510262122,0.0130426992189733,0.37905274129984967,9.637707981263059e-05,0.0014337014954735698,True
ZNF614,577.069881136313,0.388706903196811,0.137947546525724,0.0001467749991387,0.0130426992189733,0.20458182005217754,0.001290709050940349,0.010340139119734878,True
HSD17B1P1,756.845602532058,-0.571902972993896,0.199600601012669,0.0001486970619587,0.013066113384011,-0.4156797771446586,4.601932759865229e-09,3.893402457855433e-07,True
CCSAP,14712.8674582086,0.455237605184219,0.168870638305175,0.0001485549124573,0.013066113384011,0.3778686500378275,1.538898996033642e-10,2.2377515026074197e-08,True
TANK,1447.7062255538,0.178868072339384,0.0599965674319107,0.0001526707203627,0.0133577051730271,0.07732134554616818,0.008595784757182917,0.04070619339723545,True
NCEH1,1006.84141841193,-0.338584322837089,0.117487506604855,0.0001628421418731,0.0141263825711723,-0.2621306107786367,7.150857414210027e-07,2.6921011100163508e-05,True
LONRF2,118.333039246425,-0.49887651995989,0.162560697108533,0.0001697932471526,0.0145437190607302,-0.11701333689457376,7.07197406269155e-05,0.001121585197972608,True
KMT2E,3099.17803854282,0.254990829260732,0.0899205610324131,0.0001717975513054,0.0146538279536129,0.3132822113154676,1.6291920078789702e-12,5.493446558740887e-10,True
OR51B5,23.1055061987698,-0.873492083559662,0.301723116204494,0.0001725708124364,0.01465845242637,-0.3513410299435347,9.577097178770971e-06,0.00022439148334469828,True
UBE2Q2,1911.89099225199,0.30305630557857,0.111320517496017,0.0001788839945806,0.0151316560727,0.31533444843529174,1.3814538419160437e-11,2.948706888625566e-09,True
FCRLB,15.5854645454161,0.567008768331811,0.213987141360068,0.0001864045107466,0.0157026543639746,0.129724841668806,1.1776608300959363e-07,6.021858653409243e-06,True
ALDOA,150.649850469275,0.310089430107488,0.113699625425823,0.0002009695098999,0.0165200178581449,0.1612626507161624,3.034195465846765e-09,2.823743668335634e-07,True
AQP1,180.114707468464,0.72573749552257,0.281321960925239,0.0002071694418409,0.0168970073300252,0.36604442093437933,3.5509082548666915e-07,1.504834817080664e-05,True
PKD2,807.170275497063,-0.173519453014525,0.0573898349943964,0.0002123887565742,0.0172500286514815,-0.24633840135068308,4.577830635409935e-12,1.2156380348177305e-09,True
UBR1,2450.45933599227,0.176797558850186,0.0613615949194133,0.0002161133654185,0.0173452246748913,0.16845822541279387,5.517501776918133e-06,0.00014343038697405282,True
EAF1,891.011891423413,0.282221538866806,0.104301200997282,0.0002175616635775,0.0173929885242815,0.2501830661433548,1.4316974452174814e-08,1.0186505431324136e-06,True
ABCD3,1284.91547873164,-0.222335080985273,0.0775475011762683,0.0002211073287284,0.0176073984510097,-0.2946440912884696,1.2595583185019278e-10,1.9123672088329748e-08,True
PPP1R14B,971.327184305594,0.272374420385026,0.100936449982467,0.0002220451772196,0.0176132800887179,0.1276595975005378,5.373970536751904e-06,0.00014095918659308884,True
MTX1,126.933959395402,0.222952872924759,0.0824982682016587,0.0002271769545896,0.0177441739320467,0.0717530226149197,0.0016775140424629353,0.012598141288554762,True
TNFRSF10B,277.45659937182,0.261731944078456,0.0945252694445865,0.0002283067974359,0.0177643602004924,0.09930084721425152,0.0032793952170622007,0.020395190890181547,True
RDH13,2311.60727088762,0.463072706719416,0.180980617074277,0.0002295035671813,0.0177895806865353,0.5136880543252916,7.375852226091289e-13,2.937130594369674e-10,True
DSCR4,157.464199783551,0.41761999252386,0.162669524619972,0.0002324072536877,0.0178157542032629,0.3001146919933311,3.056933177822475e-07,1.319922772218568e-05,True
LSS,835.584892831662,-0.436731540245736,0.16529690821775,0.0002344995950902,0.0178377191996624,-0.39417351804031925,3.469294830978655e-08,2.1786968060197685e-06,True
TMEM38B,180.681945351261,0.280825162922709,0.101163222656072,0.0002394679011296,0.0180807134534446,0.19927769030432524,0.0014326757362344777,0.01117419835039603,True
SCD,651.665714047073,0.407483292686779,0.155865316851833,0.0002420165853177,0.0182057199567819,0.3316805840738083,1.0569455026414656e-05,0.0002426466137117669,True
GPT2,276.770239919559,0.420151324365839,0.165979488949863,0.0002450114719049,0.0183632495082862,0.38474456740500423,1.0733674738154881e-10,1.676038097032963e-08,True
GPR155,312.176211413181,-0.288880891572032,0.104686356044187,0.0002581836139265,0.019001195500026,-0.18051404806470328,0.002930957121689081,0.018879193907313997,True
HPCAL1,827.157770352724,0.392627113845852,0.153046596114417,0.0002609352526711,0.0191346261185363,0.3298438193393982,1.5319271932330084e-06,4.9918512713948424e-05,True
EDEM2,827.392405088901,0.235785574503947,0.0907322105265673,0.0002646273693874,0.0193358191839879,0.20523896981117537,2.0151790877630355e-07,9.358314701775406e-06,True
SLC38A3,21.0327624803288,0.5765853134766,0.256480552158728,0.0002657751308166,0.0193503279172437,0.24559928435466255,1.318442896096764e-09,1.4195046303668305e-07,True
ZNF331,1149.8715827262,0.320654075881433,0.122465190073275,0.0002691960717701,0.0194663322928903,0.20385692320215384,3.8769697495147964e-05,0.0006922607689348523,True
FAM120AOS,2786.30800448262,0.315259933244364,0.120474922524554,0.0002692782157654,0.0194663322928903,0.1904997903424318,2.9409556999667645e-10,3.8877429156492466e-08,True
ZMYND8,1735.68102338782,0.185349803253429,0.068086629450583,0.0002712689709712,0.0195409513859338,0.2282590613071144,1.348677297023995e-09,1.4262875451163758e-07,True
NSMAF,640.928098670593,-0.126512893754027,0.0421872333876527,0.0002846522997983,0.0202192396644227,-0.15093221305682336,4.477224201435118e-06,0.0001229835870963276,True
FBLIM1,980.091088947918,0.350139932957703,0.139534782977895,0.0002841515803465,0.0202192396644227,0.17987132653196278,8.01750729298447e-06,0.00019390366390704435,True
AK4,144.602335707253,0.501960828668631,0.192200422450419,0.0002944551434884,0.0208429255387374,0.15854337420995476,1.0731301421786639e-07,5.560678371476346e-06,True
TNR,25.1327193731545,0.51246445742949,0.204365957294628,0.0002975241804357,0.0209872939182097,0.15231575775688083,4.4169970565865576e-07,1.8081412623024434e-05,True
HEY1,407.51780257081,0.320604407785496,0.129017459908668,0.0002996418860295,0.0210637913399917,0.28965932583185744,1.7229566805816463e-08,1.2184288793438476e-06,True
ZNF462,1348.29421326386,-0.246082243424597,0.0916930936542138,0.000302412035662,0.0211854699622202,-0.12538127476011143,0.0029037947924189476,0.018777012129077054,True
HEXB,7794.00872184909,0.322542356660964,0.129144741475414,0.0003078020474868,0.0214892210276232,0.2451422007659983,8.970386528648214e-14,5.492237183566561e-11,True
PPP1R12C,1226.68693822415,0.227429401756861,0.0904716617731735,0.0003136667943354,0.021749698194972,0.19863044740813954,2.463999694144749e-10,3.35248051953051e-08,True
VEGFB,340.335407395093,0.174715221669856,0.0638380340824916,0.0003131842705318,0.021749698194972,0.0645560255830183,0.0054910113611452,0.029436375651706044,True
HERPUD1,3037.54012872428,0.280353275017357,0.110256745955653,0.0003277867823225,0.0225752072446871,0.19046424455059782,2.1575787712414837e-06,6.624268571609496e-05,True
ATP6V0E1,1312.21593291376,0.2258297882918,0.088222200537335,0.0003292806822822,0.0226017373367186,0.09383942256079654,5.190674084752089e-06,0.000136983891591587,True
WNT9B,21.5199872165032,0.490560643319643,0.198768171440171,0.0003334296246873,0.0228097192244143,0.07849719578440838,0.0018670749599136297,0.013681690084204884,True
LRIG3,455.69213123192,-0.358777226097013,0.139219819526134,0.0003633469940335,0.0246070007426924,-0.37344694661155486,1.9034540843990793e-09,1.9006765119154068e-07,True
GPR146,28.2415720389468,0.485033681680064,0.204628719739074,0.0003759909368089,0.0250488602542076,0.5799913395979701,6.856135262474118e-12,1.6791036107023457e-09,True
RPS27L,402.250154311331,0.215489255154936,0.0816552267669162,0.0003751744732321,0.0250488602542076,0.14574080564504988,7.623406920137955e-05,0.001188781403511593,True
MAPK8,730.782764400417,-0.208901756378174,0.0759645387295363,0.0003797749383734,0.0252185403702988,-0.279439252864512,1.2737084567737538e-08,9.17464425860624e-07,True
CXCL8,48.2363009577453,0.828606986038272,0.320599900648226,0.0003859449684862,0.0255450458687003,0.4384944651161644,0.0007078280223329111,0.0066458138690869695,True
FAM222A,19.8021549237741,0.423227158473694,0.174355026188652,0.0003887196247099,0.0256265190497945,0.08209326536554233,0.0005870684512476364,0.005817178273734032,True
PER3,142.403864557224,-0.285297509238866,0.10956032939423,0.0003941553249601,0.0256717266921301,-0.14727574677035696,7.423426890301753e-06,0.00018354245486690816,True
ZNF554,1308.8009321865,-0.511078575890933,0.208994946699723,0.0003934526848361,0.0256717266921301,-0.3538862793820531,7.046066080575209e-08,3.978975083268515e-06,True
MME,4532.54502746137,0.365187061095169,0.147671551751693,0.0003971992509876,0.0257875921357763,0.42271272476164584,2.1453056715835798e-13,1.0850582990231211e-10,True
ZNF175,643.386861219579,0.343813765464726,0.136094706793455,0.0004175125251545,0.0266753617879702,0.3758672648746672,4.8132075122507676e-06,0.0001296112106250305,True
CD63,7101.0592245124,0.257801588215816,0.10791394559679,0.0004187244075419,0.0266753617879702,0.08984701726414217,0.0003251915655561915,0.0037307233551431714,True
ARL4C,1941.31565127873,-0.384878112527624,0.151654950513755,0.0004262820100512,0.0269045976993962,-0.4129239826382394,2.6130256490276546e-12,7.895409707828236e-10,True
BCL6,1115.82094500408,0.453764470925261,0.21219420348916,0.0004378016924661,0.0273874701806155,0.6925498208063438,7.448237989676385e-13,2.937130594369674e-10,True
LONRF1,734.023587775222,0.165977544552682,0.0637333815431623,0.0004534754422832,0.028184604775571,0.14697522695166168,3.0088462884475406e-05,0.0005650025645441524,True
AMOTL2,2121.81325666092,0.237611802798852,0.094966967628127,0.0004677648105548,0.0286494024176624,0.2034377428671352,1.2644964689444718e-06,4.263735484994505e-05,True
COL21A1,719.414942235765,-0.334953318788145,0.126640032131342,0.0004653295767652,0.0286494024176624,-0.21865608454198673,5.135723326112585e-06,0.00013624599647130603,True
SYNGR1,244.221157174811,0.292673176091726,0.122463798014346,0.0004812691571973,0.0292870239958984,0.12718067727167634,0.00024094503623444215,0.002948883331420585,True
KCTD3,1718.24193396165,-0.158929168405329,0.063527587900871,0.0004870986678568,0.0294658559137407,-0.2198867841697203,6.563866976075099e-09,5.194385342359295e-07,True
ERLIN1,1640.48284669879,0.188727016036808,0.07295615061567,0.0005105417675594,0.0302555362600756,0.08234630591635775,0.001686489413995061,0.012636992819970721,True
SLAMF1,41.1519260473639,-0.674569903731346,0.255859092851324,0.0005282883256955,0.03049157926868,-0.34019085243089725,2.0982077247158877e-08,1.423233263068217e-06,True
EFHD2,794.436158068211,0.233214617326241,0.0938548214095074,0.000530306348623,0.03049157926868,0.08245771772657672,0.00226340774009585,0.01576539807705245,True
LIMD1,938.536834365712,0.34492541717065,0.153303240937554,0.0005247908729199,0.03049157926868,0.6260168155336862,1.4331001582484215e-13,7.754071693443669e-11,True
ZNF761,1402.82794906128,0.25447415670408,0.105111599934978,0.0005309776631208,0.03049157926868,0.22767078172241698,3.96046062354052e-07,1.651327542424619e-05,True
DDR1,3896.47083591305,0.240887334185208,0.106814463042152,0.0005288085696964,0.03049157926868,0.23832861131715463,1.8101629857527478e-09,1.8153125873501477e-07,True
WDR86,136.456851893235,0.453099168334509,0.209663136092812,0.0005354014951992,0.030659255284079,0.1419837320141914,1.3970155368059893e-06,4.636656701758652e-05,True
YOD1,677.895877780805,0.19431603324256,0.0758891031778106,0.0005398024246147,0.0308246841125947,0.0995244312026178,0.0029033342667471804,0.018777012129077054,True
KCTD4,92.7768177399164,-0.49061504064516,0.203291806029694,0.0005481617053485,0.0311276449170901,-0.20073486346695218,0.0060614844736461195,0.03159195738437514,True
JPH1,26.6651141011798,0.581647094282262,0.242848325513843,0.0005497538829414,0.0311313407156816,0.1740692057960068,5.940177134926941e-07,2.3188617654565473e-05,True
MICAL3,1356.24677883043,0.334291193014693,0.146212270423724,0.0005626532171237,0.031598480672958,0.5152601407904671,1.0228112852728706e-14,9.152587447368696e-12,True
NANS,311.873147967924,0.228756628756517,0.0905411161845539,0.0005763643588261,0.0320150248324826,0.16631701659891415,0.00010284015109460162,0.001514353769219621,True
SSR1,4003.99052682451,0.176651931356518,0.0699448963142374,0.0005759626499026,0.0320150248324826,0.11764769578580565,4.8241159500291285e-05,0.0008222555435412286,True
LIMCH1,8917.89708369752,0.355040159165853,0.163823578739362,0.0005862075167514,0.0322113920121134,0.48966576190699435,1.524988651629446e-13,8.063724083820612e-11,True
PPIP5K2,1117.27032629365,-0.157765224136241,0.0606906461547664,0.0005915704136483,0.0324186947651493,-0.14638542645498584,0.0006089738244927347,0.005952845290326574,True
SIPA1L1,1464.5281680503,0.224702265431537,0.0940765042914648,0.0005935818825934,0.0324417165108605,0.20021627555665403,1.6132818615179384e-05,0.000341223779909785,True
EFHD1,8000.61465979674,0.304055914223183,0.134499611928844,0.0005962289396582,0.0324992597964496,0.22399236430812033,4.295708154114338e-09,3.675952961087386e-07,True
TFAP2B,31.5553392544573,-0.372521167726668,0.156772022624611,0.0006015610193483,0.0326154865437088,-0.07334780511332456,0.009360154991756244,0.04311490121524466,True
FOXJ2,762.185678531936,0.164349831050773,0.0644298870826681,0.0006076681813664,0.0326858141037892,0.1849953866775439,8.18711529519877e-07,2.971629086709744e-05,True
VDR,274.522923370867,0.296703725511521,0.13467697700241,0.0006179794334872,0.0328076269038326,0.23632201825072907,1.4799629542338964e-05,0.0003194138969685143,True
SULF2,293.15363289442,0.384282744137168,0.160816792434643,0.0006167747826465,0.0328076269038326,0.16261248474753828,0.00031217258351178933,0.0036062598450771056,True
LIMS1,1700.74415988868,0.286314034346543,0.125616889594282,0.0006264551563142,0.0331712073159015,0.11000610026754994,0.0002086584508067284,0.0026312452663790477,True
PRKCH,1938.6636135524,0.108443737839386,0.0393265569180914,0.0006295348566632,0.0332479212122735,0.09929549366529461,0.00036796060926007226,0.004127758695778611,True
RALGPS1,344.68001358306,-0.175929132348049,0.0679689461798391,0.0006410601120441,0.0336820913508571,-0.07104385040308453,0.0067176024325434945,0.034065330905744755,True
MYO7B,299.988317591386,0.527080736095088,0.279504415932464,0.0006396328454681,0.0336820913508571,0.3109728427432618,6.848163078768779e-16,1.3277446849219535e-12,True
EPS8L1,5698.54680503213,0.303400617752832,0.126854514528388,0.0006463247789279,0.0338714060237139,0.3161092154943143,9.12649159175316e-10,1.0257823834479662e-07,True
MMP14,3869.46342869051,0.221075092487948,0.0901583988612652,0.0006518214392057,0.0340718765631997,0.17251457345548554,2.60028253267099e-06,7.733521376209356e-05,True
ZCCHC2,1724.07268500563,0.298758621398342,0.13685342438686,0.0006693913463054,0.0348117652698537,0.16852903496084998,2.7451257044432874e-10,3.649605407975858e-08,True
STK24,1736.51936594301,0.216485719177557,0.0936543046315116,0.0006763572455849,0.0350845262302645,0.1790682185378821,6.973936456355816e-07,2.6425994396347625e-05,True
ZFP62,493.748043530024,0.189332947372491,0.0761627281858743,0.0006877618871099,0.0354954780522118,0.21077660614105392,5.5654718015493056e-05,0.0009249019066774725,True
MOB3C,335.255986290862,-0.182411958889714,0.0729796325856736,0.0007049290004077,0.0360894199426089,-0.13848139252987912,2.2261822708756507e-08,1.496946725843725e-06,True
ARNT2,281.948569873672,0.675244669678935,0.33446590404767,0.0007075256974665,0.0360894199426089,0.21844834610063055,1.642935979137105e-09,1.6619368908958212e-07,True
MIIP,136.191675489193,0.238557702989076,0.105316756306948,0.0007181483858927,0.0365091595880534,0.10937048790332037,9.328140370509206e-07,3.3083614917723655e-05,True
ZNF658,81.9826996827861,-0.241092841485055,0.0989540172635686,0.0007234427859274,0.0365957931362708,-0.0664705892053938,0.01092736345283422,0.04809611011987155,True
FLNB,7284.64889640126,0.370392870048758,0.168215421191831,0.0007304357581565,0.0368580776380674,0.6427381559716362,3.5104713452312655e-19,2.9916222237538324e-15,True
GNPTG,543.526698228743,0.171247419126959,0.072090410150932,0.0007381137291115,0.0370261321669203,0.10676825163268601,0.00011230893774362395,0.001617873737900395,True
LURAP1,46.4357322153165,-0.440501100559946,0.193949064044998,0.000739214941231,0.0370261321669203,-0.1018737581569246,0.0007367964726144961,0.0068241666926149944,True
CHKA,183.789518806495,-0.203411734726144,0.084434171586318,0.0007464199029662,0.0372953827006602,-0.179060701419879,4.764310802213971e-06,0.00012859217531822534,True
KLHL42,1106.13557494219,-0.163829244505916,0.0626760630570031,0.0007530058558938,0.0374606863665525,-0.1502795257228559,1.9539397354150308e-06,6.151605126409487e-05,True
RAP1GAP2,1366.28936758001,-0.229603226255984,0.0954839863127509,0.0007534033851803,0.0374606863665525,-0.19960422549992782,1.5300401861688515e-07,7.4472625463189334e-06,True
DDA1,1015.29735117053,0.189461024260954,0.0784825762800014,0.0007598370915864,0.0375061475764684,0.06069389346319175,0.0034490654326917373,0.021084066305046233,True
KDM3A,1284.80342063429,0.203073727532597,0.0885922084964215,0.0007764202553224,0.0379125820831137,0.36740885601338985,1.3361622713415966e-09,1.4195046303668305e-07,True
DEGS1,2608.40641439534,0.22158846815318,0.0934513171084993,0.0007773697297528,0.0379125820831137,0.12753004386368555,7.538971553729171e-05,0.0011779832919346063,True
LYN,3367.59239283273,0.393889788134921,0.182632850477622,0.0007749526764053,0.0379125820831137,0.42363630848577566,4.824153218505892e-09,3.9942615224824946e-07,True
CHI3L2,39.8716920008961,0.542283302453107,0.279861723052382,0.0007834579161719,0.0381183128379012,0.4035805523416371,6.240391372054141e-06,0.0001586764433466794,True
FPGS,131.930756568173,0.236366600364543,0.102354404998501,0.0007894427089415,0.0383180453916225,0.08525892659246447,1.54221535880966e-05,0.0003294874429574431,True
ANG,19.908952457126,0.336577778048615,0.156189305651148,0.0008107192426752,0.0391642712824091,0.24691783979474788,1.0105703138856012e-05,0.00023441604110530805,True
PRRG1,1310.00108516302,0.244887284138104,0.114595587726071,0.0008288774448701,0.0397588131555829,0.34292419222768517,1.0356938965951476e-10,1.639214571304946e-08,True
FAM43A,1011.58789084119,0.271746933289923,0.125787099698297,0.0008393499160225,0.0400725699954009,0.26557025196908923,2.100373527373199e-06,6.481667113581631e-05,True
MORC3,2330.35670848939,0.19745515926593,0.0855003276260673,0.0008576259783426,0.0405751361462929,0.19194661340894717,5.931369767509796e-05,0.0009759494272339668,True
LY6E,880.512721895354,0.311442177880841,0.142259203300705,0.0008590522574997,0.0405751361462929,0.12423507802782038,0.003848565884133144,0.02269884074141091,True
CEBPD,836.933606103803,0.251065255482292,0.109381240741519,0.0008595952435896,0.0405751361462929,0.13372476741003542,0.0006198687834620625,0.006019143203684618,True
GCLM,835.946024410813,-0.260260714774454,0.113798582268094,0.0008621813637325,0.0405922154296799,-0.3397285710863663,1.865209917600801e-08,1.3031824006876946e-06,True
ISG15,82.2600679704589,0.448417586539139,0.2196507445662,0.0008643501818614,0.0406005594641177,0.11188195441603695,5.192976548774165e-06,0.000136983891591587,True
PC,206.667445457158,-0.243833820115236,0.106506671623889,0.000871350574994,0.0408352938432862,-0.10909722541871063,3.905880918796307e-06,0.00010961908981509637,True
TMEM141,298.552106731965,0.252257716159479,0.125725386585872,0.0008858095213418,0.0413229128193919,0.13244255079242404,8.2755158969064e-05,0.0012630100224268806,True
HCAR2,48.8899412862635,0.569687770917925,0.309619276687707,0.0008898941232553,0.0413618416637724,0.5243871852003994,5.257522019441029e-09,4.2620734252374556e-07,True
IFI44L,319.970928671374,0.468072071343816,0.233738518271765,0.000917267129312,0.0423063522582691,0.39204196128309343,6.006301221831221e-07,2.3383480100293555e-05,True
STON2,1293.0760883185,-0.356750869342559,0.165551072174937,0.0009345730952978,0.0425395875038798,-0.4064884831227696,1.4620137367943073e-10,2.1909739824496883e-08,True
GALNT2,1586.14105509571,0.255635222337003,0.119581756696587,0.0009297400914857,0.0425395875038798,0.3109056792412425,1.4974290445910392e-10,2.219056315379307e-08,True
HPGD,12779.9735980543,0.394877794250926,0.176395909445812,0.0009280175551459,0.0425395875038798,0.20455450551345078,0.00017713129411120958,0.002310054197753028,True
FUT11,758.164146431287,0.198658583427273,0.0863894110320687,0.0009435243331008,0.0427437490102098,0.20779736986004135,1.9581777987141036e-08,1.3559215674072124e-06,True
MCF2L,261.425490330977,0.496843960466733,0.257794313537255,0.0009492617371833,0.0427553845784619,0.09019156784928617,0.00015096718907170928,0.002044471839896617,True
THEM6,97.1373530097896,0.250552129914548,0.119622142161436,0.0009490639635185,0.0427553845784619,0.05522527638196538,0.00697222884064348,0.03502078494482772,True
ZNF703,5067.88734656706,0.354734315441395,0.159944607189317,0.0009521703423242,0.0427553845784619,0.1961291120921718,2.8323786308669956e-05,0.0005370670026548616,True
TCHHL1,27.89708257099,-0.442973311683928,0.214817721305523,0.0009600634730755,0.0430150636530091,-0.12432330063357987,0.00010033489532000633,0.00148309509181402,True
FAM120A,5348.06261861944,0.154063167954791,0.0647671169188813,0.000965632152333,0.0431696865295199,0.17461313115118188,5.571334581497813e-10,6.945639945869817e-08,True
FXYD3,41.8074805831869,-0.371348958482656,0.176717410140555,0.0009847491109684,0.0434393494975455,-0.2733651021099463,3.1578529207874587e-07,1.3537550168768859e-05,True
BCAT2,543.136537773429,0.273988722471564,0.139391521472722,0.0009869820273281,0.0434393494975455,0.26808380746565863,1.8024491486562973e-06,5.744627656525673e-05,True
EPHB6,389.887988610269,-0.431310841636649,0.199973666287115,0.0009756693145894,0.0434393494975455,-0.304317823064283,2.303339714360505e-12,7.145266905908201e-10,True
RAB8B,1082.5093799297,0.232022942236876,0.104267411237128,0.0009908416323142,0.0434393494975455,0.26351837211036727,3.7437856807728714e-08,2.32274447063631e-06,True
RAPH1,468.481841083898,-0.170536602055851,0.0705255445994447,0.0009887569795781,0.0434393494975455,-0.2560879703215427,2.5421028742212316e-09,2.4140638968012724e-07,True
ZBTB4,1371.16264859594,0.163888321886741,0.0701657903911683,0.0009897178551689,0.0434393494975455,0.15147841433243872,5.487398967359871e-06,0.00014280740981498295,True
ERP44,3798.61850682987,0.258313569977253,0.106253682020782,0.001000059095667,0.0436556846344086,0.19051961055492142,4.5639735110301484e-06,0.00012419345930716658,True
IER5L,64.3437998537113,0.293187603089477,0.143266219180576,0.0010294051060974,0.0447451012641858,0.10613823109675581,1.056734505380376e-06,3.67503512738114e-05,True
IGFBP4,1576.38816190897,0.381908790244599,0.188340835738386,0.0010449284987471,0.0453232178201242,0.15923484387033837,0.0004257134674788083,0.004603529206844739,True
PIK3R1,3286.67103779333,0.235624088014541,0.114026427675382,0.0010631259812942,0.0458081471350874,0.2648462495305489,4.969409521965005e-11,9.032678276409203e-09,True
ASTE1,234.703340506287,0.283064893927905,0.138996340777343,0.0010747662246083,0.0460297988547616,0.39076784520384183,2.2825330425847416e-08,1.529172729312524e-06,True
ZNF214,9.55766342418533,-0.506199423044533,0.251878072223738,0.0010837015127584,0.0462182825085654,-0.08638416536790118,0.004367777742074885,0.024832083516098547,True
C11orf96,35.8392847020502,0.523345098951726,0.23617989999194,0.0010825811425573,0.0462182825085654,0.0577059388764031,0.007613378504142193,0.03732255884478977,True
SPON1,561.741992630767,-0.355170194416489,0.15679624919935,0.0011081781208808,0.0470652482755755,-0.5314717027619632,3.578749956164067e-09,3.2024306338505076e-07,True
DNAJC1,553.089362019672,0.171182353431389,0.0715854052579799,0.0011361688000486,0.0475604459092249,0.13601056698811043,1.2929698400815267e-06,4.334616181460634e-05,True
PACS1,766.653405648029,-0.113818220211215,0.0490086441955105,0.0011416821736897,0.0476933049033603,-0.12094157548350712,9.152523916488369e-05,0.0013782693944402484,True
CCDC127,380.667175036778,0.167429998147915,0.0724472256553242,0.0011603494287178,0.0482557793818503,0.154379592773596,6.630827058535181e-06,0.0001675057788750049,True
HSD3B2,23.0131857029943,-0.592866238992288,0.255888543773523,0.0011622479974731,0.0482557793818503,-0.3884661405343378,3.534705260128714e-09,3.175229829426821e-07,True
GSTA3,385.22570025799,-0.343882366201762,0.1648038459125,0.0011734423165068,0.0484246863649957,-0.5059481366450541,5.686026350554481e-09,4.5775463346713e-07,True
MIR365A,23.3601450907738,0.472122685754347,0.282034923907925,0.0011714051792654,0.0484246863649957,0.28339032251873975,6.668900757735832e-07,2.5646057029666425e-05,True
TBC1D22A,718.624220782693,0.151798805332511,0.0699329938927531,0.001198380872718,0.0490566113880124,0.23454872736384139,2.9434333917518873e-12,8.779733499038387e-10,True
MTA1,485.704281738878,-0.108884204337921,0.0442860755462027,0.0012066543512534,0.0492963038169397,-0.12386354151351953,3.9096678295910975e-05,0.0006970293618641109,True
